<?xml version="1.0" encoding="UTF-8" standalone="yes"?>
<cp:coreProperties xmlns:cp="http://schemas.openxmlformats.org/package/2006/metadata/core-properties" xmlns:dc="http://purl.org/dc/elements/1.1/" xmlns:dcterms="http://purl.org/dc/terms/" xmlns:dcmitype="http://purl.org/dc/dcmitype/" xmlns:xsi="http://www.w3.org/2001/XMLSchema-instance"><dc:creator>BR</dc:creator><cp:lastModifiedBy>Microsoft Office User</cp:lastModifiedBy><cp:revision>36</cp:revision><cp:lastPrinted>2020-03-23T15:42:00Z</cp:lastPrinted><dcterms:created xsi:type="dcterms:W3CDTF">2020-03-23T08:12:00Z</dcterms:created><dcterms:modified xsi:type="dcterms:W3CDTF">2020-05-26T08:59:00Z</dcterms:modified></cp:coreProperties>