<?xml version="1.0" encoding="UTF-8" standalone="yes"?>
<w:document xmlns:wpc="http://schemas.microsoft.com/office/word/2010/wordprocessingCanvas" xmlns:cx="http://schemas.microsoft.com/office/drawing/2014/chartex" xmlns:cx1="http://schemas.microsoft.com/office/drawing/2015/9/8/chartex" xmlns:cx2="http://schemas.microsoft.com/office/drawing/2015/10/21/chartex" xmlns:cx3="http://schemas.microsoft.com/office/drawing/2016/5/9/chartex" xmlns:cx4="http://schemas.microsoft.com/office/drawing/2016/5/10/chartex" xmlns:cx5="http://schemas.microsoft.com/office/drawing/2016/5/11/chartex" xmlns:cx6="http://schemas.microsoft.com/office/drawing/2016/5/12/chartex" xmlns:cx7="http://schemas.microsoft.com/office/drawing/2016/5/13/chartex" xmlns:cx8="http://schemas.microsoft.com/office/drawing/2016/5/14/chartex" xmlns:mc="http://schemas.openxmlformats.org/markup-compatibility/2006" xmlns:aink="http://schemas.microsoft.com/office/drawing/2016/ink" xmlns:am3d="http://schemas.microsoft.com/office/drawing/2017/model3d" xmlns:o="urn:schemas-microsoft-com:office:office" xmlns:r="http://schemas.openxmlformats.org/officeDocument/2006/relationships" xmlns:m="http://schemas.openxmlformats.org/officeDocument/2006/math" xmlns:v="urn:schemas-microsoft-com:vml" xmlns:wp14="http://schemas.microsoft.com/office/word/2010/wordprocessingDrawing" xmlns:wp="http://schemas.openxmlformats.org/drawingml/2006/wordprocessingDrawing" xmlns:w10="urn:schemas-microsoft-com:office:word" xmlns:w="http://schemas.openxmlformats.org/wordprocessingml/2006/main" xmlns:w14="http://schemas.microsoft.com/office/word/2010/wordml" xmlns:w15="http://schemas.microsoft.com/office/word/2012/wordml" xmlns:w16cid="http://schemas.microsoft.com/office/word/2016/wordml/cid" xmlns:w16se="http://schemas.microsoft.com/office/word/2015/wordml/symex" xmlns:wpg="http://schemas.microsoft.com/office/word/2010/wordprocessingGroup" xmlns:wpi="http://schemas.microsoft.com/office/word/2010/wordprocessingInk" xmlns:wne="http://schemas.microsoft.com/office/word/2006/wordml" xmlns:wps="http://schemas.microsoft.com/office/word/2010/wordprocessingShape" mc:Ignorable="w14 w15 w16se w16cid wp14"><w:body><w:p w:rsidR="00F8171E" w:rsidRPr="00B42E62" w:rsidRDefault="00C7301F" w:rsidP="00F8171E"><w:pPr><w:jc w:val="center"/><w:rPr><w:rFonts w:eastAsia="SimSun"/><w:b/><w:color w:val="595959" w:themeColor="text1" w:themeTint="A6"/><w:sz w:val="40"/><w:szCs w:val="40"/></w:rPr></w:pPr><w:r w:rsidRPr="00B42E62"><w:rPr><w:rFonts w:eastAsia="SimSun"/><w:b/><w:noProof/><w:color w:val="595959" w:themeColor="text1" w:themeTint="A6"/><w:sz w:val="40"/><w:szCs w:val="40"/><w:highlight w:val="yellow"/><w:lang w:eastAsia="fr-FR"/></w:rPr><w:drawing><wp:anchor distT="0" distB="0" distL="114300" distR="114300" simplePos="0" relativeHeight="251653120" behindDoc="0" locked="0" layoutInCell="1" allowOverlap="1" wp14:anchorId="647C12A8" wp14:editId="06E4A674"><wp:simplePos x="0" y="0"/><wp:positionH relativeFrom="column"><wp:posOffset>-346075</wp:posOffset></wp:positionH><wp:positionV relativeFrom="paragraph"><wp:posOffset>-38100</wp:posOffset></wp:positionV><wp:extent cx="2862580" cy="1073150"/><wp:effectExtent l="0" t="0" r="0" b="0"/><wp:wrapNone/><wp:docPr id="7" name="Image 7"/><wp:cNvGraphicFramePr><a:graphicFrameLocks xmlns:a="http://schemas.openxmlformats.org/drawingml/2006/main" noChangeAspect="1"/></wp:cNvGraphicFramePr><a:graphic xmlns:a="http://schemas.openxmlformats.org/drawingml/2006/main"><a:graphicData uri="http://schemas.openxmlformats.org/drawingml/2006/picture"><pic:pic xmlns:pic="http://schemas.openxmlformats.org/drawingml/2006/picture"><pic:nvPicPr><pic:cNvPr id="0" name="BRP logo Seul HD.jpg"/><pic:cNvPicPr/></pic:nvPicPr><pic:blipFill><a:blip r:embed="rId8" cstate="print"><a:extLst><a:ext uri="{28A0092B-C50C-407E-A947-70E740481C1C}"><a14:useLocalDpi xmlns:a14="http://schemas.microsoft.com/office/drawing/2010/main"/></a:ext></a:extLst></a:blip><a:stretch><a:fillRect/></a:stretch></pic:blipFill><pic:spPr><a:xfrm><a:off x="0" y="0"/><a:ext cx="2862580" cy="1073150"/></a:xfrm><a:prstGeom prst="rect"><a:avLst/></a:prstGeom></pic:spPr></pic:pic></a:graphicData></a:graphic><wp14:sizeRelH relativeFrom="margin"><wp14:pctWidth>0</wp14:pctWidth></wp14:sizeRelH><wp14:sizeRelV relativeFrom="margin"><wp14:pctHeight>0</wp14:pctHeight></wp14:sizeRelV></wp:anchor></w:drawing></w:r></w:p><w:p w:rsidR="00F8171E" w:rsidRPr="00B42E62" w:rsidRDefault="00F8171E" w:rsidP="00F8171E"><w:pPr><w:jc w:val="center"/><w:rPr><w:rFonts w:eastAsia="SimSun"/><w:b/><w:color w:val="595959" w:themeColor="text1" w:themeTint="A6"/><w:sz w:val="40"/><w:szCs w:val="40"/></w:rPr></w:pPr></w:p><w:p w:rsidR="00F8171E" w:rsidRPr="00B42E62" w:rsidRDefault="00F8171E" w:rsidP="00F8171E"><w:pPr><w:jc w:val="center"/><w:rPr><w:rFonts w:eastAsia="SimSun"/><w:b/><w:color w:val="595959" w:themeColor="text1" w:themeTint="A6"/><w:sz w:val="40"/><w:szCs w:val="40"/></w:rPr></w:pPr></w:p><w:p w:rsidR="00F8171E" w:rsidRPr="00B42E62" w:rsidRDefault="00783E72" w:rsidP="00F8171E"><w:pPr><w:jc w:val="center"/><w:rPr><w:rFonts w:eastAsia="SimSun"/><w:b/><w:color w:val="595959" w:themeColor="text1" w:themeTint="A6"/><w:sz w:val="40"/><w:szCs w:val="40"/></w:rPr></w:pPr><w:r w:rsidRPr="00B42E62"><w:rPr><w:rFonts w:ascii="Antique Olive Roman" w:hAnsi="Antique Olive Roman"/><w:b/><w:noProof/><w:color w:val="292929"/><w:lang w:eastAsia="fr-FR"/></w:rPr><mc:AlternateContent><mc:Choice Requires="wps"><w:drawing><wp:anchor distT="0" distB="0" distL="114300" distR="114300" simplePos="0" relativeHeight="251654144" behindDoc="0" locked="0" layoutInCell="1" allowOverlap="1" wp14:anchorId="0CD26771" wp14:editId="7ED70F79"><wp:simplePos x="0" y="0"/><wp:positionH relativeFrom="column"><wp:posOffset>-201930</wp:posOffset></wp:positionH><wp:positionV relativeFrom="paragraph"><wp:posOffset>139700</wp:posOffset></wp:positionV><wp:extent cx="2872105" cy="655320"/><wp:effectExtent l="0" t="0" r="4445" b="11430"/><wp:wrapNone/><wp:docPr id="307" name="Zone de texte 2"/><wp:cNvGraphicFramePr><a:graphicFrameLocks xmlns:a="http://schemas.openxmlformats.org/drawingml/2006/main"/></wp:cNvGraphicFramePr><a:graphic xmlns:a="http://schemas.openxmlformats.org/drawingml/2006/main"><a:graphicData uri="http://schemas.microsoft.com/office/word/2010/wordprocessingShape"><wps:wsp><wps:cNvSpPr txBox="1"><a:spLocks noChangeArrowheads="1"/></wps:cNvSpPr><wps:spPr bwMode="auto"><a:xfrm><a:off x="0" y="0"/><a:ext cx="2872105" cy="655320"/></a:xfrm><a:prstGeom prst="rect"><a:avLst/></a:prstGeom><a:noFill/><a:ln w="9525"><a:noFill/><a:miter lim="800000"/><a:headEnd/><a:tailEnd/></a:ln></wps:spPr><wps:txbx><w:txbxContent><w:p w:rsidR="007105E7" w:rsidRPr="007549A5" w:rsidRDefault="007105E7" w:rsidP="00783E72"><w:pPr><w:rPr><w:rFonts w:ascii="BankGothic Lt BT" w:hAnsi="BankGothic Lt BT"/><w:color w:val="595959" w:themeColor="text1" w:themeTint="A6"/><w:sz w:val="20"/></w:rPr></w:pPr><w:r w:rsidRPr="007549A5"><w:rPr><w:rFonts w:ascii="BankGothic Lt BT" w:hAnsi="BankGothic Lt BT"/><w:color w:val="595959" w:themeColor="text1" w:themeTint="A6"/><w:sz w:val="20"/></w:rPr><w:t>Bureau d’étude</w:t></w:r></w:p><w:p w:rsidR="007105E7" w:rsidRPr="007549A5" w:rsidRDefault="007105E7" w:rsidP="00783E72"><w:pPr><w:rPr><w:rFonts w:ascii="BankGothic Lt BT" w:hAnsi="BankGothic Lt BT"/><w:color w:val="595959" w:themeColor="text1" w:themeTint="A6"/><w:sz w:val="20"/></w:rPr></w:pPr><w:r w:rsidRPr="007549A5"><w:rPr><w:rFonts w:ascii="BankGothic Lt BT" w:hAnsi="BankGothic Lt BT"/><w:color w:val="595959" w:themeColor="text1" w:themeTint="A6"/><w:sz w:val="20"/></w:rPr><w:t>Diagnostic et ingénierie</w:t></w:r></w:p><w:p w:rsidR="007105E7" w:rsidRPr="007549A5" w:rsidRDefault="007105E7" w:rsidP="00783E72"><w:pPr><w:rPr><w:rFonts w:ascii="BankGothic Lt BT" w:hAnsi="BankGothic Lt BT"/><w:color w:val="595959" w:themeColor="text1" w:themeTint="A6"/><w:sz w:val="20"/></w:rPr></w:pPr><w:r w:rsidRPr="007549A5"><w:rPr><w:rFonts w:ascii="BankGothic Lt BT" w:hAnsi="BankGothic Lt BT"/><w:color w:val="595959" w:themeColor="text1" w:themeTint="A6"/><w:sz w:val="20"/></w:rPr><w:t>Maîtrise d’œuvre - O.P.C.</w:t></w:r><w:r w:rsidRPr="007549A5"><w:rPr><w:rFonts w:ascii="BankGothic Lt BT" w:hAnsi="BankGothic Lt BT"/><w:color w:val="595959" w:themeColor="text1" w:themeTint="A6"/><w:sz w:val="20"/></w:rPr><w:cr/><w:t>Assistance à maîtrise d’ouvrage</w:t></w:r></w:p></w:txbxContent></wps:txbx><wps:bodyPr rot="0" vert="horz" wrap="square" lIns="0" tIns="0" rIns="0" bIns="0" anchor="t" anchorCtr="0"><a:noAutofit/></wps:bodyPr></wps:wsp></a:graphicData></a:graphic><wp14:sizeRelH relativeFrom="margin"><wp14:pctWidth>0</wp14:pctWidth></wp14:sizeRelH><wp14:sizeRelV relativeFrom="margin"><wp14:pctHeight>0</wp14:pctHeight></wp14:sizeRelV></wp:anchor></w:drawing></mc:Choice><mc:Fallback><w:pict><v:shapetype w14:anchorId="0CD26771" id="_x0000_t202" coordsize="21600,21600" o:spt="202" path="m,l,21600r21600,l21600,xe"><v:stroke joinstyle="miter"/><v:path gradientshapeok="t" o:connecttype="rect"/></v:shapetype><v:shape id="Zone de texte 2" o:spid="_x0000_s1026" type="#_x0000_t202" style="position:absolute;left:0;text-align:left;margin-left:-15.9pt;margin-top:11pt;width:226.15pt;height:51.6pt;z-index:251654144;visibility:visible;mso-wrap-style:square;mso-width-percent:0;mso-height-percent:0;mso-wrap-distance-left:9pt;mso-wrap-distance-top:0;mso-wrap-distance-right:9pt;mso-wrap-distance-bottom:0;mso-position-horizontal:absolute;mso-position-horizontal-relative:text;mso-position-vertical:absolute;mso-position-vertical-relative:text;mso-width-percent:0;mso-height-percent:0;mso-width-relative:margin;mso-height-relative:margin;v-text-anchor:top" o:gfxdata="UEsDBBQABgAIAAAAIQC2gziS/gAAAOEBAAATAAAAW0NvbnRlbnRfVHlwZXNdLnhtbJSRQU7DMBBF&#xD;&#xA;90jcwfIWJU67QAgl6YK0S0CoHGBkTxKLZGx5TGhvj5O2G0SRWNoz/78nu9wcxkFMGNg6quQqL6RA&#xD;&#xA;0s5Y6ir5vt9lD1JwBDIwOMJKHpHlpr69KfdHjyxSmriSfYz+USnWPY7AufNIadK6MEJMx9ApD/oD&#xD;&#xA;OlTrorhX2lFEilmcO2RdNtjC5xDF9pCuTyYBB5bi6bQ4syoJ3g9WQ0ymaiLzg5KdCXlKLjvcW893&#xD;&#xA;SUOqXwnz5DrgnHtJTxOsQfEKIT7DmDSUCaxw7Rqn8787ZsmRM9e2VmPeBN4uqYvTtW7jvijg9N/y&#xD;&#xA;JsXecLq0q+WD6m8AAAD//wMAUEsDBBQABgAIAAAAIQA4/SH/1gAAAJQBAAALAAAAX3JlbHMvLnJl&#xD;&#xA;bHOkkMFqwzAMhu+DvYPRfXGawxijTi+j0GvpHsDYimMaW0Yy2fr2M4PBMnrbUb/Q94l/f/hMi1qR&#xD;&#xA;JVI2sOt6UJgd+ZiDgffL8ekFlFSbvV0oo4EbChzGx4f9GRdb25HMsYhqlCwG5lrLq9biZkxWOiqY&#xD;&#xA;22YiTra2kYMu1l1tQD30/bPm3wwYN0x18gb45AdQl1tp5j/sFB2T0FQ7R0nTNEV3j6o9feQzro1i&#xD;&#xA;OWA14Fm+Q8a1a8+Bvu/d/dMb2JY5uiPbhG/ktn4cqGU/er3pcvwCAAD//wMAUEsDBBQABgAIAAAA&#xD;&#xA;IQAM4Y9cCAIAAOkDAAAOAAAAZHJzL2Uyb0RvYy54bWysU01v2zAMvQ/YfxB0X+y4SNsZUYquXYcB&#xD;&#xA;3QfQ7bKbIsmxMEnUJCV29utLyUkabLdhPgi0RT7yPT4vb0ZryE6FqMExOp/VlCgnQGq3YfT7t4c3&#xD;&#xA;15TExJ3kBpxidK8ivVm9frUcfKsa6MFIFQiCuNgOntE+Jd9WVRS9sjzOwCuHlx0EyxO+hk0lAx8Q&#xD;&#xA;3ZqqqevLaoAgfQChYsSv99MlXRX8rlMifem6qBIxjOJsqZyhnOt8VqslbzeB+16Lwxj8H6awXDts&#xD;&#xA;eoK654mTbdB/QVktAkTo0kyAraDrtFCFA7KZ13+weeq5V4ULihP9Sab4/2DF593XQLRk9KK+osRx&#xD;&#xA;i0v6gasiUpGkxqRIk0UafGwx98ljdhrfwYjLLoSjfwTxMxIHdz13G3UbAgy94hKHnOfK6qx0wokZ&#xD;&#xA;ZD18Aom9+DZBARq7YLOCqAlBdFzW/rQgnIMI/NhcXzXzekGJwLvLxeKiKRuseHus9iGmDwosyQGj&#xD;&#xA;AQ1Q0PnuMaY8DW+PKbmZgwdtTDGBcWRg9O2iWZSCsxurE3rUaMvodZ2fyTWZ5HsnS3Hi2kwxNjDu&#xD;&#xA;wDoTnSincT1iYpZiDXKP/ANMXsR/B4Mewm9KBvQho/HXlgdFifnoUMNs2mMQjsH6GHAnsJTRRMkU&#xD;&#xA;3qVi7onbLWrb6UL7pfNhNvRTUePg/WzY8/eS9fKHrp4BAAD//wMAUEsDBBQABgAIAAAAIQAYA3PP&#xD;&#xA;5AAAAA8BAAAPAAAAZHJzL2Rvd25yZXYueG1sTI/NTsMwEITvSLyDtUjcWruGVpDGqSp+TkioaThw&#xD;&#xA;dGI3sRqvQ+y24e1ZTnBZabUzs9/km8n37GzH6AIqWMwFMItNMA5bBR/V6+wBWEwaje4DWgXfNsKm&#xD;&#xA;uL7KdWbCBUt73qeWUQjGTCvoUhoyzmPTWa/jPAwW6XYIo9eJ1rHlZtQXCvc9l0KsuNcO6UOnB/vU&#xD;&#xA;2ea4P3kF208sX9zXe70rD6WrqkeBb6ujUrc30/OaxnYNLNkp/TngtwPxQ0FgdTihiaxXMLtbEH9S&#xD;&#xA;ICUVI8G9FEtgNSnlUgIvcv6/R/EDAAD//wMAUEsBAi0AFAAGAAgAAAAhALaDOJL+AAAA4QEAABMA&#xD;&#xA;AAAAAAAAAAAAAAAAAAAAAFtDb250ZW50X1R5cGVzXS54bWxQSwECLQAUAAYACAAAACEAOP0h/9YA&#xD;&#xA;AACUAQAACwAAAAAAAAAAAAAAAAAvAQAAX3JlbHMvLnJlbHNQSwECLQAUAAYACAAAACEADOGPXAgC&#xD;&#xA;AADpAwAADgAAAAAAAAAAAAAAAAAuAgAAZHJzL2Uyb0RvYy54bWxQSwECLQAUAAYACAAAACEAGANz&#xD;&#xA;z+QAAAAPAQAADwAAAAAAAAAAAAAAAABiBAAAZHJzL2Rvd25yZXYueG1sUEsFBgAAAAAEAAQA8wAA&#xD;&#xA;AHMFAAAAAA==&#xD;&#xA;" filled="f" stroked="f"><v:textbox inset="0,0,0,0"><w:txbxContent><w:p w:rsidR="007105E7" w:rsidRPr="007549A5" w:rsidRDefault="007105E7" w:rsidP="00783E72"><w:pPr><w:rPr><w:rFonts w:ascii="BankGothic Lt BT" w:hAnsi="BankGothic Lt BT"/><w:color w:val="595959" w:themeColor="text1" w:themeTint="A6"/><w:sz w:val="20"/></w:rPr></w:pPr><w:r w:rsidRPr="007549A5"><w:rPr><w:rFonts w:ascii="BankGothic Lt BT" w:hAnsi="BankGothic Lt BT"/><w:color w:val="595959" w:themeColor="text1" w:themeTint="A6"/><w:sz w:val="20"/></w:rPr><w:t>Bureau d’étude</w:t></w:r></w:p><w:p w:rsidR="007105E7" w:rsidRPr="007549A5" w:rsidRDefault="007105E7" w:rsidP="00783E72"><w:pPr><w:rPr><w:rFonts w:ascii="BankGothic Lt BT" w:hAnsi="BankGothic Lt BT"/><w:color w:val="595959" w:themeColor="text1" w:themeTint="A6"/><w:sz w:val="20"/></w:rPr></w:pPr><w:r w:rsidRPr="007549A5"><w:rPr><w:rFonts w:ascii="BankGothic Lt BT" w:hAnsi="BankGothic Lt BT"/><w:color w:val="595959" w:themeColor="text1" w:themeTint="A6"/><w:sz w:val="20"/></w:rPr><w:t>Diagnostic et ingénierie</w:t></w:r></w:p><w:p w:rsidR="007105E7" w:rsidRPr="007549A5" w:rsidRDefault="007105E7" w:rsidP="00783E72"><w:pPr><w:rPr><w:rFonts w:ascii="BankGothic Lt BT" w:hAnsi="BankGothic Lt BT"/><w:color w:val="595959" w:themeColor="text1" w:themeTint="A6"/><w:sz w:val="20"/></w:rPr></w:pPr><w:r w:rsidRPr="007549A5"><w:rPr><w:rFonts w:ascii="BankGothic Lt BT" w:hAnsi="BankGothic Lt BT"/><w:color w:val="595959" w:themeColor="text1" w:themeTint="A6"/><w:sz w:val="20"/></w:rPr><w:t>Maîtrise d’œuvre - O.P.C.</w:t></w:r><w:r w:rsidRPr="007549A5"><w:rPr><w:rFonts w:ascii="BankGothic Lt BT" w:hAnsi="BankGothic Lt BT"/><w:color w:val="595959" w:themeColor="text1" w:themeTint="A6"/><w:sz w:val="20"/></w:rPr><w:cr/><w:t>Assistance à maîtrise d’ouvrage</w:t></w:r></w:p></w:txbxContent></v:textbox></v:shape></w:pict></mc:Fallback></mc:AlternateContent></w:r></w:p><w:p w:rsidR="00F8171E" w:rsidRPr="00B42E62" w:rsidRDefault="00F8171E" w:rsidP="00F8171E"><w:pPr><w:jc w:val="center"/><w:rPr><w:rFonts w:eastAsia="SimSun"/><w:b/><w:color w:val="595959" w:themeColor="text1" w:themeTint="A6"/><w:sz w:val="40"/><w:szCs w:val="40"/></w:rPr></w:pPr></w:p><w:p w:rsidR="00F8171E" w:rsidRPr="00B42E62" w:rsidRDefault="00F8171E" w:rsidP="00F8171E"><w:pPr><w:jc w:val="center"/><w:rPr><w:rFonts w:eastAsia="SimSun"/><w:b/><w:color w:val="595959" w:themeColor="text1" w:themeTint="A6"/><w:sz w:val="40"/><w:szCs w:val="40"/></w:rPr></w:pPr></w:p><w:p w:rsidR="008171E2" w:rsidRPr="00B42E62" w:rsidRDefault="008171E2" w:rsidP="008171E2"><w:pPr><w:jc w:val="center"/><w:rPr><w:rFonts w:eastAsia="SimSun"/><w:b/><w:color w:val="595959" w:themeColor="text1" w:themeTint="A6"/><w:sz w:val="40"/><w:szCs w:val="40"/></w:rPr></w:pPr></w:p><w:p w:rsidR="008171E2" w:rsidRPr="00B42E62" w:rsidRDefault="008171E2" w:rsidP="008171E2"><w:pPr><w:jc w:val="center"/><w:rPr><w:rFonts w:eastAsia="SimSun"/><w:b/><w:color w:val="595959" w:themeColor="text1" w:themeTint="A6"/><w:sz w:val="40"/><w:szCs w:val="40"/></w:rPr></w:pPr></w:p><w:p w:rsidR="00E952C9" w:rsidRPr="00B42E62" w:rsidRDefault="00E952C9" w:rsidP="00783E72"><w:pPr><w:jc w:val="right"/><w:rPr><w:rFonts w:eastAsia="SimSun"/><w:b/><w:color w:val="595959" w:themeColor="text1" w:themeTint="A6"/><w:sz w:val="40"/><w:szCs w:val="40"/></w:rPr></w:pPr></w:p><w:p w:rsidR="00E952C9" w:rsidRPr="00B42E62" w:rsidRDefault="00E952C9" w:rsidP="00783E72"><w:pPr><w:jc w:val="right"/><w:rPr><w:rFonts w:eastAsia="SimSun"/><w:b/><w:color w:val="595959" w:themeColor="text1" w:themeTint="A6"/><w:sz w:val="40"/><w:szCs w:val="40"/></w:rPr></w:pPr></w:p><w:p w:rsidR="00783E72" w:rsidRPr="00B42E62" w:rsidRDefault="00783E72" w:rsidP="00482608"><w:pPr><w:jc w:val="right"/><w:rPr><w:rFonts w:eastAsia="SimSun"/><w:b/><w:color w:val="595959" w:themeColor="text1" w:themeTint="A6"/><w:sz w:val="40"/><w:szCs w:val="40"/></w:rPr></w:pPr><w:r w:rsidRPr="00B42E62"><w:rPr><w:rFonts w:eastAsia="SimSun"/><w:b/><w:color w:val="595959" w:themeColor="text1" w:themeTint="A6"/><w:sz w:val="40"/><w:szCs w:val="40"/></w:rPr><w:t xml:space="preserve">Rapport </w:t></w:r><w:r w:rsidR="00A0328B"><w:rPr><w:rFonts w:eastAsia="SimSun"/><w:b/><w:color w:val="595959" w:themeColor="text1" w:themeTint="A6"/><w:sz w:val="40"/><w:szCs w:val="40"/></w:rPr><w:t>XXX</w:t></w:r></w:p><w:p w:rsidR="00783E72" w:rsidRPr="00B42E62" w:rsidRDefault="00783E72" w:rsidP="00482608"><w:pPr><w:jc w:val="right"/><w:rPr><w:color w:val="0070C0"/><w:sz w:val="24"/></w:rPr></w:pPr><w:r w:rsidRPr="00B42E62"><w:rPr><w:color w:val="0070C0"/><w:sz w:val="24"/></w:rPr><w:t xml:space="preserve">Version </w:t></w:r><w:r w:rsidR="0048311F" w:rsidRPr="00B42E62"><w:rPr><w:color w:val="0070C0"/><w:sz w:val="24"/></w:rPr><w:t>1</w:t></w:r><w:r w:rsidRPr="00B42E62"><w:rPr><w:color w:val="0070C0"/><w:sz w:val="24"/></w:rPr><w:t xml:space="preserve">.0 du </w:t></w:r><w:r w:rsidR="00A0328B"><w:rPr><w:color w:val="0070C0"/><w:sz w:val="24"/></w:rPr><w:t>XXXX</w:t></w:r></w:p><w:p w:rsidR="00B22E28" w:rsidRPr="00B42E62" w:rsidRDefault="00B22E28" w:rsidP="00482608"><w:pPr><w:jc w:val="right"/><w:rPr><w:sz w:val="24"/></w:rPr></w:pPr></w:p><w:p w:rsidR="00B22E28" w:rsidRPr="00B42E62" w:rsidRDefault="00A0328B" w:rsidP="00B22E28"><w:pPr><w:jc w:val="right"/><w:rPr><w:rFonts w:asciiTheme="majorHAnsi" w:hAnsiTheme="majorHAnsi"/><w:smallCaps/><w:color w:val="595959" w:themeColor="text1" w:themeTint="A6"/><w:sz w:val="36"/><w:szCs w:val="40"/></w:rPr></w:pPr><w:r><w:rPr><w:rFonts w:asciiTheme="majorHAnsi" w:hAnsiTheme="majorHAnsi"/><w:smallCaps/><w:color w:val="595959" w:themeColor="text1" w:themeTint="A6"/><w:sz w:val="36"/><w:szCs w:val="40"/></w:rPr><w:t>TITRE MISSION</w:t></w:r></w:p><w:p w:rsidR="00B22E28" w:rsidRPr="00B42E62" w:rsidRDefault="00B22E28" w:rsidP="00B22E28"><w:pPr><w:jc w:val="right"/><w:rPr><w:rFonts w:asciiTheme="majorHAnsi" w:hAnsiTheme="majorHAnsi"/><w:smallCaps/><w:color w:val="000000" w:themeColor="text1"/><w:sz w:val="36"/><w:szCs w:val="40"/></w:rPr></w:pPr></w:p><w:p w:rsidR="00D150DA" w:rsidRPr="00B42E62" w:rsidRDefault="00D150DA" w:rsidP="00B22E28"><w:pPr><w:jc w:val="right"/><w:rPr><w:rFonts w:ascii="Freestyle Script" w:hAnsi="Freestyle Script"/><w:sz w:val="48"/><w:szCs w:val="48"/></w:rPr></w:pPr></w:p><w:p w:rsidR="008171E2" w:rsidRPr="00B42E62" w:rsidRDefault="008171E2" w:rsidP="008171E2"><w:pPr><w:ind w:left="567"/><w:jc w:val="center"/><w:rPr><w:rFonts w:ascii="Freestyle Script" w:hAnsi="Freestyle Script"/><w:sz w:val="48"/><w:szCs w:val="48"/></w:rPr></w:pPr></w:p><w:p w:rsidR="00295658" w:rsidRPr="00B42E62" w:rsidRDefault="00295658" w:rsidP="008171E2"><w:pPr><w:ind w:left="567"/><w:jc w:val="center"/><w:rPr><w:rFonts w:ascii="Freestyle Script" w:hAnsi="Freestyle Script"/><w:sz w:val="48"/><w:szCs w:val="48"/></w:rPr></w:pPr></w:p><w:p w:rsidR="00295658" w:rsidRPr="00B42E62" w:rsidRDefault="00295658" w:rsidP="008171E2"><w:pPr><w:ind w:left="567"/><w:jc w:val="center"/><w:rPr><w:rFonts w:ascii="Freestyle Script" w:hAnsi="Freestyle Script"/><w:sz w:val="48"/><w:szCs w:val="48"/></w:rPr></w:pPr></w:p><w:p w:rsidR="00295658" w:rsidRPr="00B42E62" w:rsidRDefault="00295658" w:rsidP="008171E2"><w:pPr><w:ind w:left="567"/><w:jc w:val="center"/><w:rPr><w:rFonts w:ascii="Freestyle Script" w:hAnsi="Freestyle Script"/><w:sz w:val="48"/><w:szCs w:val="48"/></w:rPr></w:pPr></w:p><w:p w:rsidR="00295658" w:rsidRPr="00B42E62" w:rsidRDefault="00295658" w:rsidP="008171E2"><w:pPr><w:ind w:left="567"/><w:jc w:val="center"/><w:rPr><w:rFonts w:ascii="Freestyle Script" w:hAnsi="Freestyle Script"/><w:sz w:val="48"/><w:szCs w:val="48"/></w:rPr></w:pPr></w:p><w:p w:rsidR="00295658" w:rsidRPr="00B42E62" w:rsidRDefault="00295658" w:rsidP="008171E2"><w:pPr><w:ind w:left="567"/><w:jc w:val="center"/><w:rPr><w:rFonts w:ascii="Freestyle Script" w:hAnsi="Freestyle Script"/><w:sz w:val="48"/><w:szCs w:val="48"/></w:rPr></w:pPr></w:p><w:p w:rsidR="00295658" w:rsidRPr="00B42E62" w:rsidRDefault="00295658" w:rsidP="008171E2"><w:pPr><w:ind w:left="567"/><w:jc w:val="center"/><w:rPr><w:rFonts w:ascii="Freestyle Script" w:hAnsi="Freestyle Script"/><w:sz w:val="48"/><w:szCs w:val="48"/></w:rPr></w:pPr></w:p><w:p w:rsidR="008171E2" w:rsidRPr="00B42E62" w:rsidRDefault="00FE7B34" w:rsidP="008171E2"><w:pPr><w:ind w:left="2694"/><w:jc w:val="right"/><w:rPr><w:rFonts w:ascii="Freestyle Script" w:hAnsi="Freestyle Script"/><w:color w:val="595959" w:themeColor="text1" w:themeTint="A6"/><w:sz w:val="40"/><w:szCs w:val="48"/></w:rPr></w:pPr><w:r w:rsidRPr="00B42E62"><w:rPr><w:rFonts w:ascii="Freestyle Script" w:hAnsi="Freestyle Script"/><w:noProof/><w:color w:val="595959" w:themeColor="text1" w:themeTint="A6"/><w:sz w:val="40"/><w:szCs w:val="48"/><w:lang w:eastAsia="fr-FR"/></w:rPr><w:drawing><wp:anchor distT="0" distB="0" distL="114300" distR="114300" simplePos="0" relativeHeight="251652096" behindDoc="0" locked="0" layoutInCell="1" allowOverlap="1" wp14:anchorId="22F71C83" wp14:editId="7D0D8A81"><wp:simplePos x="0" y="0"/><wp:positionH relativeFrom="column"><wp:posOffset>-408940</wp:posOffset></wp:positionH><wp:positionV relativeFrom="paragraph"><wp:posOffset>219075</wp:posOffset></wp:positionV><wp:extent cx="1937385" cy="1422400"/><wp:effectExtent l="0" t="0" r="5715" b="6350"/><wp:wrapNone/><wp:docPr id="2" name="Image 2"/><wp:cNvGraphicFramePr><a:graphicFrameLocks xmlns:a="http://schemas.openxmlformats.org/drawingml/2006/main" noChangeAspect="1"/></wp:cNvGraphicFramePr><a:graphic xmlns:a="http://schemas.openxmlformats.org/drawingml/2006/main"><a:graphicData uri="http://schemas.openxmlformats.org/drawingml/2006/picture"><pic:pic xmlns:pic="http://schemas.openxmlformats.org/drawingml/2006/picture"><pic:nvPicPr><pic:cNvPr id="0" name="OPQIBI_RGE_trans.gif"/><pic:cNvPicPr/></pic:nvPicPr><pic:blipFill><a:blip r:embed="rId9"><a:extLst><a:ext uri="{28A0092B-C50C-407E-A947-70E740481C1C}"><a14:useLocalDpi xmlns:a14="http://schemas.microsoft.com/office/drawing/2010/main"/></a:ext></a:extLst></a:blip><a:stretch><a:fillRect/></a:stretch></pic:blipFill><pic:spPr><a:xfrm><a:off x="0" y="0"/><a:ext cx="1937385" cy="1422400"/></a:xfrm><a:prstGeom prst="rect"><a:avLst/></a:prstGeom></pic:spPr></pic:pic></a:graphicData></a:graphic><wp14:sizeRelH relativeFrom="margin"><wp14:pctWidth>0</wp14:pctWidth></wp14:sizeRelH><wp14:sizeRelV relativeFrom="margin"><wp14:pctHeight>0</wp14:pctHeight></wp14:sizeRelV></wp:anchor></w:drawing></w:r></w:p><w:p w:rsidR="00FE7B34" w:rsidRPr="00B42E62" w:rsidRDefault="00FE7B34" w:rsidP="00FE7B34"><w:pPr><w:ind w:left="2694"/><w:jc w:val="right"/><w:rPr><w:rFonts w:ascii="Freestyle Script" w:hAnsi="Freestyle Script"/><w:color w:val="595959" w:themeColor="text1" w:themeTint="A6"/><w:sz w:val="40"/><w:szCs w:val="48"/></w:rPr></w:pPr><w:r w:rsidRPr="00B42E62"><w:rPr><w:rFonts w:ascii="Freestyle Script" w:hAnsi="Freestyle Script"/><w:color w:val="595959" w:themeColor="text1" w:themeTint="A6"/><w:sz w:val="40"/><w:szCs w:val="48"/></w:rPr><w:t>Le bon maître d'œuvre est celui qui ne livre rien au hasard, qui n'ajourne aucune solution et qui sait donner à chaque fonction sa place et sa valeur par rapport à l'ensemble et cela au moment opportun</w:t></w:r></w:p><w:p w:rsidR="00FE7B34" w:rsidRPr="00B42E62" w:rsidRDefault="00FE7B34" w:rsidP="00FE7B34"><w:pPr><w:jc w:val="center"/><w:rPr><w:color w:val="595959" w:themeColor="text1" w:themeTint="A6"/></w:rPr></w:pPr></w:p><w:p w:rsidR="00FE7B34" w:rsidRPr="00B42E62" w:rsidRDefault="00FE7B34" w:rsidP="00FE7B34"><w:pPr><w:jc w:val="right"/><w:rPr><w:i/><w:color w:val="595959" w:themeColor="text1" w:themeTint="A6"/><w:sz w:val="18"/><w:szCs w:val="18"/></w:rPr></w:pPr><w:r w:rsidRPr="00B42E62"><w:rPr><w:i/><w:color w:val="595959" w:themeColor="text1" w:themeTint="A6"/><w:sz w:val="18"/><w:szCs w:val="18"/></w:rPr><w:t>Eugène VIOLLET-LE-DUC, (1814-1879) : Architecte Français</w:t></w:r></w:p><w:p w:rsidR="00B24B26" w:rsidRPr="00B42E62" w:rsidRDefault="00B24B26" w:rsidP="00520C93"><w:pPr><w:pStyle w:val="TM1"/></w:pPr></w:p><w:p w:rsidR="00A0328B" w:rsidRDefault="00A0328B"><w:pPr><w:spacing w:after="200" w:line="276" w:lineRule="auto"/><w:rPr><w:bCs/><w:smallCaps/><w:color w:val="0070C0"/><w:sz w:val="32"/><w:szCs w:val="20"/></w:rPr></w:pPr><w:r><w:br w:type="page"/></w:r></w:p><w:p w:rsidR="005A158B" w:rsidRPr="00B42E62" w:rsidRDefault="005A158B" w:rsidP="00520C93"><w:pPr><w:pStyle w:val="TM1"/></w:pPr><w:r w:rsidRPr="00B42E62"><w:lastRenderedPageBreak/><w:t>Sommaire</w:t></w:r></w:p><w:p w:rsidR="00372C98" w:rsidRPr="00B42E62" w:rsidRDefault="00372C98" w:rsidP="00372C98"/><w:bookmarkStart w:id="0" w:name="_Toc408940970"/><w:p w:rsidR="00FA32C5" w:rsidRDefault="00FA32C5"><w:pPr><w:pStyle w:val="TM1"/><w:rPr><w:rFonts w:asciiTheme="minorHAnsi" w:eastAsiaTheme="minorEastAsia" w:hAnsiTheme="minorHAnsi"/><w:bCs w:val="0"/><w:smallCaps w:val="0"/><w:noProof/><w:color w:val="auto"/><w:sz w:val="22"/><w:szCs w:val="22"/><w:lang w:eastAsia="fr-FR"/></w:rPr></w:pPr><w:r><w:rPr><w:bCs w:val="0"/><w:smallCaps w:val="0"/><w:sz w:val="6"/></w:rPr><w:fldChar w:fldCharType="begin"/></w:r><w:r><w:rPr><w:bCs w:val="0"/><w:smallCaps w:val="0"/><w:sz w:val="6"/></w:rPr><w:instrText xml:space="preserve"> TOC \o "1-4" \h \z \u </w:instrText></w:r><w:r><w:rPr><w:bCs w:val="0"/><w:smallCaps w:val="0"/><w:sz w:val="6"/></w:rPr><w:fldChar w:fldCharType="separate"/></w:r><w:hyperlink w:anchor="_Toc41129779" w:history="1"><w:r w:rsidRPr="0005380C"><w:rPr><w:rStyle w:val="Lienhypertexte"/><w:noProof/></w:rPr><w:t>I.</w:t></w:r><w:r><w:rPr><w:rFonts w:asciiTheme="minorHAnsi" w:eastAsiaTheme="minorEastAsia" w:hAnsiTheme="minorHAnsi"/><w:bCs w:val="0"/><w:smallCaps w:val="0"/><w:noProof/><w:color w:val="auto"/><w:sz w:val="22"/><w:szCs w:val="22"/><w:lang w:eastAsia="fr-FR"/></w:rPr><w:tab/></w:r><w:r w:rsidRPr="0005380C"><w:rPr><w:rStyle w:val="Lienhypertexte"/><w:noProof/></w:rPr><w:t>TITRE 1</w:t></w:r><w:r><w:rPr><w:noProof/><w:webHidden/></w:rPr><w:tab/></w:r><w:r><w:rPr><w:noProof/><w:webHidden/></w:rPr><w:fldChar w:fldCharType="begin"/></w:r><w:r><w:rPr><w:noProof/><w:webHidden/></w:rPr><w:instrText xml:space="preserve"> PAGEREF _Toc41129779 \h </w:instrText></w:r><w:r><w:rPr><w:noProof/><w:webHidden/></w:rPr></w:r><w:r><w:rPr><w:noProof/><w:webHidden/></w:rPr><w:fldChar w:fldCharType="separate"/></w:r><w:r><w:rPr><w:noProof/><w:webHidden/></w:rPr><w:t>3</w:t></w:r><w:r><w:rPr><w:noProof/><w:webHidden/></w:rPr><w:fldChar w:fldCharType="end"/></w:r></w:hyperlink></w:p><w:p w:rsidR="00FA32C5" w:rsidRDefault="005B3C60"><w:pPr><w:pStyle w:val="TM2"/><w:tabs><w:tab w:val="left" w:pos="880"/><w:tab w:val="right" w:leader="dot" w:pos="9968"/></w:tabs><w:rPr><w:rFonts w:eastAsiaTheme="minorEastAsia"/><w:smallCaps w:val="0"/><w:noProof/><w:sz w:val="22"/><w:szCs w:val="22"/><w:lang w:eastAsia="fr-FR"/></w:rPr></w:pPr><w:hyperlink w:anchor="_Toc41129780" w:history="1"><w:r w:rsidR="00FA32C5" w:rsidRPr="0005380C"><w:rPr><w:rStyle w:val="Lienhypertexte"/><w:rFonts w:ascii="Cambria" w:hAnsi="Cambria"/><w:noProof/></w:rPr><w:t>I.1.</w:t></w:r><w:r w:rsidR="00FA32C5"><w:rPr><w:rFonts w:eastAsiaTheme="minorEastAsia"/><w:smallCaps w:val="0"/><w:noProof/><w:sz w:val="22"/><w:szCs w:val="22"/><w:lang w:eastAsia="fr-FR"/></w:rPr><w:tab/></w:r><w:r w:rsidR="00FA32C5" w:rsidRPr="0005380C"><w:rPr><w:rStyle w:val="Lienhypertexte"/><w:noProof/></w:rPr><w:t>Titre 2</w:t></w:r><w:r w:rsidR="00FA32C5"><w:rPr><w:noProof/><w:webHidden/></w:rPr><w:tab/></w:r><w:r w:rsidR="00FA32C5"><w:rPr><w:noProof/><w:webHidden/></w:rPr><w:fldChar w:fldCharType="begin"/></w:r><w:r w:rsidR="00FA32C5"><w:rPr><w:noProof/><w:webHidden/></w:rPr><w:instrText xml:space="preserve"> PAGEREF _Toc41129780 \h </w:instrText></w:r><w:r w:rsidR="00FA32C5"><w:rPr><w:noProof/><w:webHidden/></w:rPr></w:r><w:r w:rsidR="00FA32C5"><w:rPr><w:noProof/><w:webHidden/></w:rPr><w:fldChar w:fldCharType="separate"/></w:r><w:r w:rsidR="00FA32C5"><w:rPr><w:noProof/><w:webHidden/></w:rPr><w:t>3</w:t></w:r><w:r w:rsidR="00FA32C5"><w:rPr><w:noProof/><w:webHidden/></w:rPr><w:fldChar w:fldCharType="end"/></w:r></w:hyperlink></w:p><w:p w:rsidR="00FA32C5" w:rsidRDefault="005B3C60"><w:pPr><w:pStyle w:val="TM2"/><w:tabs><w:tab w:val="left" w:pos="880"/><w:tab w:val="right" w:leader="dot" w:pos="9968"/></w:tabs><w:rPr><w:rFonts w:eastAsiaTheme="minorEastAsia"/><w:smallCaps w:val="0"/><w:noProof/><w:sz w:val="22"/><w:szCs w:val="22"/><w:lang w:eastAsia="fr-FR"/></w:rPr></w:pPr><w:hyperlink w:anchor="_Toc41129781" w:history="1"><w:r w:rsidR="00FA32C5" w:rsidRPr="0005380C"><w:rPr><w:rStyle w:val="Lienhypertexte"/><w:rFonts w:ascii="Cambria" w:hAnsi="Cambria"/><w:noProof/></w:rPr><w:t>I.2.</w:t></w:r><w:r w:rsidR="00FA32C5"><w:rPr><w:rFonts w:eastAsiaTheme="minorEastAsia"/><w:smallCaps w:val="0"/><w:noProof/><w:sz w:val="22"/><w:szCs w:val="22"/><w:lang w:eastAsia="fr-FR"/></w:rPr><w:tab/></w:r><w:r w:rsidR="00FA32C5" w:rsidRPr="0005380C"><w:rPr><w:rStyle w:val="Lienhypertexte"/><w:noProof/></w:rPr><w:t>Titre 2</w:t></w:r><w:r w:rsidR="00FA32C5"><w:rPr><w:noProof/><w:webHidden/></w:rPr><w:tab/></w:r><w:r w:rsidR="00FA32C5"><w:rPr><w:noProof/><w:webHidden/></w:rPr><w:fldChar w:fldCharType="begin"/></w:r><w:r w:rsidR="00FA32C5"><w:rPr><w:noProof/><w:webHidden/></w:rPr><w:instrText xml:space="preserve"> PAGEREF _Toc41129781 \h </w:instrText></w:r><w:r w:rsidR="00FA32C5"><w:rPr><w:noProof/><w:webHidden/></w:rPr></w:r><w:r w:rsidR="00FA32C5"><w:rPr><w:noProof/><w:webHidden/></w:rPr><w:fldChar w:fldCharType="separate"/></w:r><w:r w:rsidR="00FA32C5"><w:rPr><w:noProof/><w:webHidden/></w:rPr><w:t>3</w:t></w:r><w:r w:rsidR="00FA32C5"><w:rPr><w:noProof/><w:webHidden/></w:rPr><w:fldChar w:fldCharType="end"/></w:r></w:hyperlink></w:p><w:p w:rsidR="00FA32C5" w:rsidRDefault="005B3C60"><w:pPr><w:pStyle w:val="TM3"/><w:rPr><w:rFonts w:eastAsiaTheme="minorEastAsia"/><w:i w:val="0"/><w:iCs w:val="0"/><w:noProof/><w:sz w:val="22"/><w:szCs w:val="22"/><w:lang w:eastAsia="fr-FR"/></w:rPr></w:pPr><w:hyperlink w:anchor="_Toc41129782" w:history="1"><w:r w:rsidR="00FA32C5" w:rsidRPr="0005380C"><w:rPr><w:rStyle w:val="Lienhypertexte"/><w:noProof/></w:rPr><w:t>2.1.</w:t></w:r><w:r w:rsidR="00FA32C5"><w:rPr><w:rFonts w:eastAsiaTheme="minorEastAsia"/><w:i w:val="0"/><w:iCs w:val="0"/><w:noProof/><w:sz w:val="22"/><w:szCs w:val="22"/><w:lang w:eastAsia="fr-FR"/></w:rPr><w:tab/></w:r><w:r w:rsidR="00FA32C5" w:rsidRPr="0005380C"><w:rPr><w:rStyle w:val="Lienhypertexte"/><w:noProof/></w:rPr><w:t>Titre 3</w:t></w:r><w:r w:rsidR="00FA32C5"><w:rPr><w:noProof/><w:webHidden/></w:rPr><w:tab/></w:r><w:r w:rsidR="00FA32C5"><w:rPr><w:noProof/><w:webHidden/></w:rPr><w:fldChar w:fldCharType="begin"/></w:r><w:r w:rsidR="00FA32C5"><w:rPr><w:noProof/><w:webHidden/></w:rPr><w:instrText xml:space="preserve"> PAGEREF _Toc41129782 \h </w:instrText></w:r><w:r w:rsidR="00FA32C5"><w:rPr><w:noProof/><w:webHidden/></w:rPr></w:r><w:r w:rsidR="00FA32C5"><w:rPr><w:noProof/><w:webHidden/></w:rPr><w:fldChar w:fldCharType="separate"/></w:r><w:r w:rsidR="00FA32C5"><w:rPr><w:noProof/><w:webHidden/></w:rPr><w:t>3</w:t></w:r><w:r w:rsidR="00FA32C5"><w:rPr><w:noProof/><w:webHidden/></w:rPr><w:fldChar w:fldCharType="end"/></w:r></w:hyperlink></w:p><w:p w:rsidR="00FA32C5" w:rsidRDefault="005B3C60"><w:pPr><w:pStyle w:val="TM4"/><w:tabs><w:tab w:val="left" w:pos="1320"/><w:tab w:val="right" w:leader="dot" w:pos="9968"/></w:tabs><w:rPr><w:rFonts w:eastAsiaTheme="minorEastAsia"/><w:noProof/><w:sz w:val="22"/><w:szCs w:val="22"/><w:lang w:eastAsia="fr-FR"/></w:rPr></w:pPr><w:hyperlink w:anchor="_Toc41129783" w:history="1"><w:r w:rsidR="00FA32C5" w:rsidRPr="0005380C"><w:rPr><w:rStyle w:val="Lienhypertexte"/><w:noProof/></w:rPr><w:t>2.1.1.</w:t></w:r><w:r w:rsidR="00FA32C5"><w:rPr><w:rFonts w:eastAsiaTheme="minorEastAsia"/><w:noProof/><w:sz w:val="22"/><w:szCs w:val="22"/><w:lang w:eastAsia="fr-FR"/></w:rPr><w:tab/></w:r><w:r w:rsidR="00FA32C5" w:rsidRPr="0005380C"><w:rPr><w:rStyle w:val="Lienhypertexte"/><w:noProof/></w:rPr><w:t>Titre 4</w:t></w:r><w:r w:rsidR="00FA32C5"><w:rPr><w:noProof/><w:webHidden/></w:rPr><w:tab/></w:r><w:r w:rsidR="00FA32C5"><w:rPr><w:noProof/><w:webHidden/></w:rPr><w:fldChar w:fldCharType="begin"/></w:r><w:r w:rsidR="00FA32C5"><w:rPr><w:noProof/><w:webHidden/></w:rPr><w:instrText xml:space="preserve"> PAGEREF _Toc41129783 \h </w:instrText></w:r><w:r w:rsidR="00FA32C5"><w:rPr><w:noProof/><w:webHidden/></w:rPr></w:r><w:r w:rsidR="00FA32C5"><w:rPr><w:noProof/><w:webHidden/></w:rPr><w:fldChar w:fldCharType="separate"/></w:r><w:r w:rsidR="00FA32C5"><w:rPr><w:noProof/><w:webHidden/></w:rPr><w:t>3</w:t></w:r><w:r w:rsidR="00FA32C5"><w:rPr><w:noProof/><w:webHidden/></w:rPr><w:fldChar w:fldCharType="end"/></w:r></w:hyperlink></w:p><w:p w:rsidR="008C5DC9" w:rsidRDefault="00FA32C5" w:rsidP="008C5DC9"><w:pPr><w:rPr><w:sz w:val="16"/></w:rPr></w:pPr><w:r><w:rPr><w:bCs/><w:smallCaps/><w:color w:val="0070C0"/><w:sz w:val="6"/><w:szCs w:val="20"/></w:rPr><w:fldChar w:fldCharType="end"/></w:r></w:p><w:p w:rsidR="000F720E" w:rsidRDefault="000F720E" w:rsidP="008C5DC9"><w:pPr><w:rPr><w:sz w:val="16"/></w:rPr></w:pPr></w:p><w:p w:rsidR="000F720E" w:rsidRPr="00B42E62" w:rsidRDefault="000F720E" w:rsidP="008C5DC9"/><w:p w:rsidR="008C5DC9" w:rsidRPr="00B42E62" w:rsidRDefault="008C5DC9"><w:pPr><w:spacing w:after="200" w:line="276" w:lineRule="auto"/><w:rPr><w:rFonts w:asciiTheme="majorHAnsi" w:hAnsiTheme="majorHAnsi"/><w:smallCaps/><w:sz w:val="8"/><w:szCs w:val="28"/></w:rPr></w:pPr><w:r w:rsidRPr="00B42E62"><w:rPr><w:sz w:val="8"/></w:rPr><w:br w:type="page"/></w:r></w:p><w:p w:rsidR="00251B9C" w:rsidRPr="00B42E62" w:rsidRDefault="00A0328B" w:rsidP="00855D33"><w:pPr><w:pStyle w:val="Titre1"/></w:pPr><w:bookmarkStart w:id="1" w:name="_Toc41129779"/><w:bookmarkEnd w:id="0"/><w:r><w:lastRenderedPageBreak/><w:t>TITRE 1</w:t></w:r><w:bookmarkEnd w:id="1"/></w:p><w:p w:rsidR="00BC6C0E" w:rsidRPr="00B42E62" w:rsidRDefault="00A0328B" w:rsidP="00855D33"><w:pPr><w:pStyle w:val="Titre2"/></w:pPr><w:bookmarkStart w:id="2" w:name="_Toc41129780"/><w:r><w:t>Titre 2</w:t></w:r><w:bookmarkEnd w:id="2"/></w:p><w:p w:rsidR="00BC6C0E" w:rsidRPr="00B42E62" w:rsidRDefault="00BC6C0E" w:rsidP="00085373"><w:pPr><w:jc w:val="both"/><w:rPr><w:rFonts w:asciiTheme="majorHAnsi" w:eastAsia="Times New Roman" w:hAnsiTheme="majorHAnsi" w:cs="Times New Roman"/><w:szCs w:val="24"/><w:lang w:eastAsia="fr-FR"/></w:rPr></w:pPr></w:p><w:p w:rsidR="00BC6C0E" w:rsidRPr="00B42E62" w:rsidRDefault="00A0328B" w:rsidP="00B671AC"><w:pPr><w:pStyle w:val="Corpsdetexte"/><w:jc w:val="both"/><w:rPr><w:lang w:eastAsia="fr-FR"/></w:rPr></w:pPr><w:r><w:rPr><w:lang w:eastAsia="fr-FR"/></w:rPr><w:t>Corps de texte</w:t></w:r></w:p><w:p w:rsidR="00D150DA" w:rsidRPr="00B42E62" w:rsidRDefault="00D150DA" w:rsidP="006E5EE6"><w:pPr><w:pStyle w:val="Corpsdetexte"/><w:rPr><w:lang w:eastAsia="fr-FR"/></w:rPr></w:pPr></w:p><w:p w:rsidR="00BC6C0E" w:rsidRPr="00B42E62" w:rsidRDefault="00A0328B" w:rsidP="00855D33"><w:pPr><w:pStyle w:val="Titre2"/></w:pPr><w:bookmarkStart w:id="3" w:name="_Toc41129781"/><w:r><w:t>Titre 2</w:t></w:r><w:bookmarkEnd w:id="3"/></w:p><w:p w:rsidR="009B3377" w:rsidRPr="00B42E62" w:rsidRDefault="009B3377" w:rsidP="00BC6C0E"><w:pPr><w:jc w:val="both"/></w:pPr></w:p><w:p w:rsidR="00BC6C0E" w:rsidRPr="00B42E62" w:rsidRDefault="00A0328B" w:rsidP="00A0328B"><w:pPr><w:pStyle w:val="Titre3"/></w:pPr><w:bookmarkStart w:id="4" w:name="_Toc41129782"/><w:r><w:t>Titre 3</w:t></w:r><w:bookmarkEnd w:id="4"/></w:p><w:p w:rsidR="00BC6C0E" w:rsidRPr="00B42E62" w:rsidRDefault="00BC6C0E" w:rsidP="00085373"><w:pPr><w:jc w:val="both"/></w:pPr></w:p><w:p w:rsidR="00BC6C0E" w:rsidRPr="00B42E62" w:rsidRDefault="00A0328B" w:rsidP="00A0328B"><w:pPr><w:pStyle w:val="Titre4"/></w:pPr><w:bookmarkStart w:id="5" w:name="_Toc41129783"/><w:r><w:t>Titre 4</w:t></w:r><w:bookmarkEnd w:id="5"/></w:p><w:p w:rsidR="00CD7AAC" w:rsidRPr="0072168C" w:rsidRDefault="00CD7AAC" w:rsidP="00CD7AAC"><w:pPr><w:rPr><w:u w:val="single"/></w:rPr></w:pPr><w:bookmarkStart w:id="6" w:name="_Toc369878728"/><w:bookmarkStart w:id="7" w:name="_Toc386965240"/><w:bookmarkStart w:id="8" w:name="_Toc408940971"/><w:bookmarkEnd w:id="6"/><w:bookmarkEnd w:id="7"/><w:bookmarkEnd w:id="8"/><w:r w:rsidRPr="0072168C"><w:rPr><w:u w:val="single"/></w:rPr><w:t>Souligné</w:t></w:r></w:p><w:p w:rsidR="00CD7AAC" w:rsidRDefault="00CD7AAC" w:rsidP="00CD7AAC"><w:pPr><w:rPr><w:u w:val="dash"/></w:rPr></w:pPr><w:r w:rsidRPr="0072168C"><w:rPr><w:u w:val="dash"/></w:rPr><w:t>Souligné trait-tillé</w:t></w:r></w:p><w:p w:rsidR="00CD7AAC" w:rsidRDefault="00CD7AAC" w:rsidP="00CD7AAC"><w:pPr><w:rPr><w:i/></w:rPr></w:pPr><w:r w:rsidRPr="0072168C"><w:rPr><w:i/></w:rPr><w:t>Italique</w:t></w:r></w:p><w:p w:rsidR="00CD7AAC" w:rsidRPr="00610F3C" w:rsidRDefault="00CD7AAC" w:rsidP="00CD7AAC"><w:pPr><w:rPr><w:i/><w:u w:val="single"/></w:rPr></w:pPr><w:r w:rsidRPr="00610F3C"><w:rPr><w:i/><w:u w:val="single"/></w:rPr><w:t>Italique souligné</w:t></w:r></w:p><w:p w:rsidR="00CD7AAC" w:rsidRDefault="00CD7AAC" w:rsidP="00CD7AAC"><w:pPr><w:rPr><w:b/></w:rPr></w:pPr><w:r w:rsidRPr="0072168C"><w:rPr><w:b/></w:rPr><w:t>G</w:t></w:r><w:r><w:rPr><w:b/></w:rPr><w:t>ras</w:t></w:r></w:p><w:p w:rsidR="00CD7AAC" w:rsidRPr="00610F3C" w:rsidRDefault="00CD7AAC" w:rsidP="00CD7AAC"><w:pPr><w:rPr><w:b/><w:u w:val="single"/></w:rPr></w:pPr><w:r w:rsidRPr="00610F3C"><w:rPr><w:b/><w:u w:val="single"/></w:rPr><w:t>Gras souligné</w:t></w:r></w:p><w:p w:rsidR="00CD7AAC" w:rsidRDefault="00CD7AAC" w:rsidP="00CD7AAC"><w:pPr><w:rPr><w:b/><w:i/></w:rPr></w:pPr><w:r w:rsidRPr="00610F3C"><w:rPr><w:b/><w:i/></w:rPr><w:t>Gras italique</w:t></w:r></w:p><w:p w:rsidR="00CD7AAC" w:rsidRPr="007F6E4F" w:rsidRDefault="00CD7AAC" w:rsidP="00CD7AAC"><w:pPr><w:rPr><w:b/><w:i/><w:u w:val="single"/></w:rPr></w:pPr><w:r w:rsidRPr="00610F3C"><w:rPr><w:b/><w:i/><w:u w:val="single"/></w:rPr><w:t>Gras italique souligné</w:t></w:r></w:p><w:p w:rsidR="00CD7AAC" w:rsidRPr="0072168C" w:rsidRDefault="00CD7AAC" w:rsidP="00CD7AAC"><w:pPr><w:pStyle w:val="Paragraphedeliste"/><w:numPr><w:ilvl w:val="0"/><w:numId w:val="40"/></w:numPr></w:pPr><w:r w:rsidRPr="0072168C"><w:t>Puce</w:t></w:r><w:r><w:t xml:space="preserve"> </w:t></w:r><w:r w:rsidRPr="0072168C"><w:t>1</w:t></w:r></w:p><w:p w:rsidR="00CD7AAC" w:rsidRDefault="00CD7AAC" w:rsidP="00CD7AAC"><w:pPr><w:rPr><w:color w:val="FF0000"/></w:rPr></w:pPr><w:r w:rsidRPr="00F6658E"><w:rPr><w:color w:val="FF0000"/></w:rPr><w:t>Texte rouge</w:t></w:r></w:p><w:p w:rsidR="00CD7AAC" w:rsidRDefault="00CD7AAC" w:rsidP="00CD7AAC"><w:pPr><w:rPr><w:color w:val="E36C0A" w:themeColor="accent6" w:themeShade="BF"/></w:rPr></w:pPr><w:r w:rsidRPr="00F6658E"><w:rPr><w:color w:val="E36C0A" w:themeColor="accent6" w:themeShade="BF"/></w:rPr><w:t>Texte orange</w:t></w:r></w:p><w:p w:rsidR="00CD7AAC" w:rsidRDefault="00CD7AAC" w:rsidP="00CD7AAC"><w:pPr><w:rPr><w:color w:val="00B050"/></w:rPr></w:pPr><w:r w:rsidRPr="00F6658E"><w:rPr><w:color w:val="00B050"/></w:rPr><w:t>Texte vert</w:t></w:r></w:p><w:p w:rsidR="00CD7AAC" w:rsidRPr="007F6E4F" w:rsidRDefault="00CD7AAC" w:rsidP="00CD7AAC"><w:pPr><w:rPr><w:color w:val="0070C0"/></w:rPr></w:pPr><w:r w:rsidRPr="00610F3C"><w:rPr><w:color w:val="0070C0"/></w:rPr><w:t>Texte bleu</w:t></w:r></w:p><w:p w:rsidR="00CD7AAC" w:rsidRDefault="00CD7AAC" w:rsidP="00CD7AAC"><w:pPr><w:rPr><w:rFonts w:asciiTheme="majorHAnsi" w:hAnsiTheme="majorHAnsi"/><w:color w:val="000000"/></w:rPr></w:pPr><w:r><w:rPr><w:rFonts w:asciiTheme="majorHAnsi" w:hAnsiTheme="majorHAnsi"/><w:color w:val="000000"/><w:highlight w:val="yellow"/></w:rPr><w:t>Surligné j</w:t></w:r><w:r w:rsidRPr="00F6658E"><w:rPr><w:rFonts w:asciiTheme="majorHAnsi" w:hAnsiTheme="majorHAnsi"/><w:color w:val="000000"/><w:highlight w:val="yellow"/></w:rPr><w:t>aune</w:t></w:r></w:p><w:p w:rsidR="00CD7AAC" w:rsidRDefault="00CD7AAC" w:rsidP="00CD7AAC"><w:pPr><w:rPr><w:rFonts w:asciiTheme="majorHAnsi" w:hAnsiTheme="majorHAnsi"/><w:color w:val="000000"/></w:rPr></w:pPr><w:r w:rsidRPr="00682733"><w:rPr><w:rFonts w:asciiTheme="majorHAnsi" w:hAnsiTheme="majorHAnsi"/><w:color w:val="000000"/><w:highlight w:val="cyan"/></w:rPr><w:t>Surligné bleu</w:t></w:r></w:p><w:p w:rsidR="00CD7AAC" w:rsidRDefault="00CD7AAC" w:rsidP="00CD7AAC"><w:pPr><w:rPr><w:rFonts w:asciiTheme="majorHAnsi" w:hAnsiTheme="majorHAnsi"/><w:color w:val="000000"/><w:shd w:val="clear" w:color="auto" w:fill="FFC000"/></w:rPr></w:pPr><w:r w:rsidRPr="00633E19"><w:rPr><w:rFonts w:asciiTheme="majorHAnsi" w:hAnsiTheme="majorHAnsi"/><w:color w:val="000000"/><w:highlight w:val="red"/><w:shd w:val="clear" w:color="auto" w:fill="FFC000"/></w:rPr><w:t>Surligné orange</w:t></w:r></w:p><w:p w:rsidR="00CD7AAC" w:rsidRDefault="00CD7AAC" w:rsidP="00CD7AAC"><w:pPr><w:rPr><w:rFonts w:asciiTheme="majorHAnsi" w:hAnsiTheme="majorHAnsi"/><w:color w:val="000000"/><w:shd w:val="clear" w:color="auto" w:fill="92D050"/></w:rPr></w:pPr><w:r w:rsidRPr="00633E19"><w:rPr><w:rFonts w:asciiTheme="majorHAnsi" w:hAnsiTheme="majorHAnsi"/><w:color w:val="000000"/><w:highlight w:val="green"/><w:shd w:val="clear" w:color="auto" w:fill="92D050"/></w:rPr><w:t>Surligné vert</w:t></w:r></w:p><w:p w:rsidR="00CD7AAC" w:rsidRDefault="00CD7AAC" w:rsidP="00CD7AAC"><w:pPr><w:rPr><w:rFonts w:asciiTheme="majorHAnsi" w:hAnsiTheme="majorHAnsi"/><w:color w:val="000000"/><w:highlight w:val="magenta"/><w:shd w:val="clear" w:color="auto" w:fill="B2A1C7" w:themeFill="accent4" w:themeFillTint="99"/></w:rPr></w:pPr><w:r w:rsidRPr="00633E19"><w:rPr><w:rFonts w:asciiTheme="majorHAnsi" w:hAnsiTheme="majorHAnsi"/><w:color w:val="000000"/><w:highlight w:val="magenta"/><w:shd w:val="clear" w:color="auto" w:fill="B2A1C7" w:themeFill="accent4" w:themeFillTint="99"/></w:rPr><w:t>Surligné violet</w:t></w:r></w:p><w:p w:rsidR="00AA0B05" w:rsidRDefault="00CD7AAC" w:rsidP="00CD7AAC"><w:pPr><w:rPr><w:rFonts w:asciiTheme="majorHAnsi" w:hAnsiTheme="majorHAnsi"/><w:color w:val="000000"/><w:highlight w:val="lightGray"/><w:shd w:val="clear" w:color="auto" w:fill="B2A1C7" w:themeFill="accent4" w:themeFillTint="99"/></w:rPr></w:pPr><w:r w:rsidRPr="00A92514"><w:rPr><w:rFonts w:asciiTheme="majorHAnsi" w:hAnsiTheme="majorHAnsi"/><w:color w:val="000000"/><w:highlight w:val="lightGray"/><w:shd w:val="clear" w:color="auto" w:fill="B2A1C7" w:themeFill="accent4" w:themeFillTint="99"/></w:rPr><w:t xml:space="preserve">Surligné </w:t></w:r><w:r><w:rPr><w:rFonts w:asciiTheme="majorHAnsi" w:hAnsiTheme="majorHAnsi"/><w:color w:val="000000"/><w:highlight w:val="lightGray"/><w:shd w:val="clear" w:color="auto" w:fill="B2A1C7" w:themeFill="accent4" w:themeFillTint="99"/></w:rPr><w:t>gris</w:t></w:r></w:p><w:p w:rsidR="00967632" w:rsidRDefault="00967632" w:rsidP="00CD7AAC"/><w:p w:rsidR="00967632" w:rsidRDefault="00967632" w:rsidP="00CD7AAC"><w:r><w:t xml:space="preserve">Ceci est un </w:t></w:r><w:r><w:rPr><w:b/></w:rPr><w:t xml:space="preserve">Texte </w:t></w:r><w:r><w:t xml:space="preserve">exemple. On essaie d’extraire des </w:t></w:r><w:r w:rsidRPr="00967632"><w:rPr><w:color w:val="FF0000"/></w:rPr><w:t>couleurs</w:t></w:r><w:r><w:t xml:space="preserve">, des </w:t></w:r><w:r w:rsidRPr="00967632"><w:rPr><w:highlight w:val="yellow"/></w:rPr><w:t>surlignages</w:t></w:r><w:r w:rsidRPr="00024C51"><w:t>,</w:t></w:r><w:r w:rsidR="00024C51"><w:t xml:space="preserve"> etc… </w:t></w:r></w:p><w:p w:rsidR="00024C51" w:rsidRDefault="00024C51" w:rsidP="00CD7AAC"><w:r><w:t xml:space="preserve">Voici également une </w:t></w:r><w:r w:rsidRPr="00024C51"><w:rPr><w:u w:val="single"/></w:rPr><w:t>liste</w:t></w:r><w:r><w:t xml:space="preserve"> de </w:t></w:r><w:r w:rsidRPr="00024C51"><w:rPr><w:i/></w:rPr><w:t>puces</w:t></w:r><w:r><w:t xml:space="preserve"> : </w:t></w:r></w:p><w:p w:rsidR="00024C51" w:rsidRDefault="00024C51" w:rsidP="00024C51"><w:pPr><w:pStyle w:val="Paragraphedeliste"/><w:numPr><w:ilvl w:val="0"/><w:numId w:val="40"/></w:numPr></w:pPr><w:r w:rsidRPr="00024C51"><w:rPr><w:highlight w:val="green"/></w:rPr><w:t>Exemple</w:t></w:r><w:r><w:t xml:space="preserve"> 1</w:t></w:r></w:p><w:p w:rsidR="00024C51" w:rsidRPr="00967632" w:rsidRDefault="00024C51" w:rsidP="00024C51"><w:pPr><w:pStyle w:val="Paragraphedeliste"/><w:numPr><w:ilvl w:val="0"/><w:numId w:val="40"/></w:numPr></w:pPr><w:r w:rsidRPr="00024C51"><w:rPr><w:highlight w:val="magenta"/></w:rPr><w:t>Exemple</w:t></w:r><w:bookmarkStart w:id="9" w:name="_GoBack"/><w:bookmarkEnd w:id="9"/><w:r><w:t xml:space="preserve"> 2</w:t></w:r></w:p><w:sectPr w:rsidR="00024C51" w:rsidRPr="00967632" w:rsidSect="000F720E"><w:footerReference w:type="default" r:id="rId10"/><w:footerReference w:type="first" r:id="rId11"/><w:pgSz w:w="11906" w:h="16838" w:code="9"/><w:pgMar w:top="737" w:right="964" w:bottom="737" w:left="964" w:header="454" w:footer="454" w:gutter="0"/><w:cols w:space="708"/><w:titlePg/><w:docGrid w:linePitch="360"/></w:sectPr></w:body></w:document>