<?xml version="1.0" encoding="UTF-8" standalone="yes"?>
<w:ftr xmlns:wpc="http://schemas.microsoft.com/office/word/2010/wordprocessingCanvas" xmlns:cx="http://schemas.microsoft.com/office/drawing/2014/chartex" xmlns:cx1="http://schemas.microsoft.com/office/drawing/2015/9/8/chartex" xmlns:cx2="http://schemas.microsoft.com/office/drawing/2015/10/21/chartex" xmlns:cx3="http://schemas.microsoft.com/office/drawing/2016/5/9/chartex" xmlns:cx4="http://schemas.microsoft.com/office/drawing/2016/5/10/chartex" xmlns:cx5="http://schemas.microsoft.com/office/drawing/2016/5/11/chartex" xmlns:cx6="http://schemas.microsoft.com/office/drawing/2016/5/12/chartex" xmlns:cx7="http://schemas.microsoft.com/office/drawing/2016/5/13/chartex" xmlns:cx8="http://schemas.microsoft.com/office/drawing/2016/5/14/chartex" xmlns:mc="http://schemas.openxmlformats.org/markup-compatibility/2006" xmlns:aink="http://schemas.microsoft.com/office/drawing/2016/ink" xmlns:am3d="http://schemas.microsoft.com/office/drawing/2017/model3d" xmlns:o="urn:schemas-microsoft-com:office:office" xmlns:r="http://schemas.openxmlformats.org/officeDocument/2006/relationships" xmlns:m="http://schemas.openxmlformats.org/officeDocument/2006/math" xmlns:v="urn:schemas-microsoft-com:vml" xmlns:wp14="http://schemas.microsoft.com/office/word/2010/wordprocessingDrawing" xmlns:wp="http://schemas.openxmlformats.org/drawingml/2006/wordprocessingDrawing" xmlns:w10="urn:schemas-microsoft-com:office:word" xmlns:w="http://schemas.openxmlformats.org/wordprocessingml/2006/main" xmlns:w14="http://schemas.microsoft.com/office/word/2010/wordml" xmlns:w15="http://schemas.microsoft.com/office/word/2012/wordml" xmlns:w16cid="http://schemas.microsoft.com/office/word/2016/wordml/cid" xmlns:w16se="http://schemas.microsoft.com/office/word/2015/wordml/symex" xmlns:wpg="http://schemas.microsoft.com/office/word/2010/wordprocessingGroup" xmlns:wpi="http://schemas.microsoft.com/office/word/2010/wordprocessingInk" xmlns:wne="http://schemas.microsoft.com/office/word/2006/wordml" xmlns:wps="http://schemas.microsoft.com/office/word/2010/wordprocessingShape" mc:Ignorable="w14 w15 w16se w16cid wp14"><w:p w:rsidR="000F720E" w:rsidRDefault="000F720E" w:rsidP="000F720E"><w:pPr><w:pStyle w:val="Pieddepage"/><w:tabs><w:tab w:val="clear" w:pos="9072"/><w:tab w:val="right" w:pos="8364"/></w:tabs><w:rPr><w:sz w:val="16"/><w:szCs w:val="16"/></w:rPr></w:pPr><w:r><w:rPr><w:sz w:val="16"/><w:szCs w:val="16"/></w:rPr><w:t xml:space="preserve">CLIENT | BRP ETUDE CONSEIL </w:t></w:r></w:p><w:p w:rsidR="000F720E" w:rsidRPr="000F720E" w:rsidRDefault="000F720E" w:rsidP="000F720E"><w:pPr><w:pStyle w:val="Pieddepage"/><w:tabs><w:tab w:val="clear" w:pos="4536"/><w:tab w:val="clear" w:pos="9072"/><w:tab w:val="right" w:pos="8364"/></w:tabs><w:ind w:left="426" w:hanging="426"/><w:rPr><w:sz w:val="18"/><w:szCs w:val="18"/></w:rPr></w:pPr><w:r><w:rPr><w:sz w:val="16"/><w:szCs w:val="16"/></w:rPr><w:tab/></w:r><w:r><w:rPr><w:color w:val="C00000"/><w:sz w:val="16"/><w:szCs w:val="16"/></w:rPr><w:t xml:space="preserve">Nom Projet </w:t></w:r><w:r w:rsidRPr="00EA259A"><w:rPr><w:sz w:val="16"/><w:szCs w:val="16"/></w:rPr><w:t xml:space="preserve">| </w:t></w:r><w:r><w:rPr><w:color w:val="0070C0"/><w:sz w:val="16"/><w:szCs w:val="16"/><w:u w:val="single"/></w:rPr><w:t xml:space="preserve">Titre </w:t></w:r><w:r w:rsidRPr="006E5887"><w:rPr><w:color w:val="0070C0"/><w:sz w:val="16"/><w:szCs w:val="16"/><w:u w:val="single"/></w:rPr><w:t xml:space="preserve">apport </w:t></w:r><w:r><w:rPr><w:color w:val="0070C0"/><w:sz w:val="16"/><w:szCs w:val="16"/><w:u w:val="single"/></w:rPr><w:t>XXXX</w:t></w:r><w:r w:rsidRPr="004E23AE"><w:rPr><w:color w:val="0070C0"/><w:sz w:val="16"/><w:szCs w:val="16"/></w:rPr><w:tab/></w:r><w:r w:rsidRPr="00501B1E"><w:rPr><w:sz w:val="18"/><w:szCs w:val="18"/></w:rPr><w:tab/></w:r><w:r w:rsidRPr="00A32205"><w:rPr><w:sz w:val="18"/><w:szCs w:val="18"/></w:rPr><w:fldChar w:fldCharType="begin"/></w:r><w:r w:rsidRPr="00A32205"><w:rPr><w:sz w:val="18"/><w:szCs w:val="18"/></w:rPr><w:instrText>PAGE  \* Arabic  \* MERGEFORMAT</w:instrText></w:r><w:r w:rsidRPr="00A32205"><w:rPr><w:sz w:val="18"/><w:szCs w:val="18"/></w:rPr><w:fldChar w:fldCharType="separate"/></w:r><w:r w:rsidR="00FA32C5"><w:rPr><w:noProof/><w:sz w:val="18"/><w:szCs w:val="18"/></w:rPr><w:t>2</w:t></w:r><w:r w:rsidRPr="00A32205"><w:rPr><w:sz w:val="18"/><w:szCs w:val="18"/></w:rPr><w:fldChar w:fldCharType="end"/></w:r><w:r w:rsidRPr="00A32205"><w:rPr><w:sz w:val="18"/><w:szCs w:val="18"/></w:rPr><w:t xml:space="preserve"> </w:t></w:r><w:r><w:rPr><w:sz w:val="18"/><w:szCs w:val="18"/></w:rPr><w:t>/</w:t></w:r><w:r w:rsidRPr="00A32205"><w:rPr><w:sz w:val="18"/><w:szCs w:val="18"/></w:rPr><w:t xml:space="preserve"> </w:t></w:r><w:r w:rsidRPr="00A32205"><w:rPr><w:sz w:val="18"/><w:szCs w:val="18"/></w:rPr><w:fldChar w:fldCharType="begin"/></w:r><w:r w:rsidRPr="00A32205"><w:rPr><w:sz w:val="18"/><w:szCs w:val="18"/></w:rPr><w:instrText>NUMPAGES  \* Arabic  \* MERGEFORMAT</w:instrText></w:r><w:r w:rsidRPr="00A32205"><w:rPr><w:sz w:val="18"/><w:szCs w:val="18"/></w:rPr><w:fldChar w:fldCharType="separate"/></w:r><w:r w:rsidR="00FA32C5"><w:rPr><w:noProof/><w:sz w:val="18"/><w:szCs w:val="18"/></w:rPr><w:t>3</w:t></w:r><w:r w:rsidRPr="00A32205"><w:rPr><w:sz w:val="18"/><w:szCs w:val="18"/></w:rPr><w:fldChar w:fldCharType="end"/></w:r></w:p></w:ftr>