<?xml version="1.0" encoding="UTF-8" standalone="yes"?>
<w:ftr xmlns:wpc="http://schemas.microsoft.com/office/word/2010/wordprocessingCanvas" xmlns:cx="http://schemas.microsoft.com/office/drawing/2014/chartex" xmlns:cx1="http://schemas.microsoft.com/office/drawing/2015/9/8/chartex" xmlns:cx2="http://schemas.microsoft.com/office/drawing/2015/10/21/chartex" xmlns:cx3="http://schemas.microsoft.com/office/drawing/2016/5/9/chartex" xmlns:cx4="http://schemas.microsoft.com/office/drawing/2016/5/10/chartex" xmlns:cx5="http://schemas.microsoft.com/office/drawing/2016/5/11/chartex" xmlns:cx6="http://schemas.microsoft.com/office/drawing/2016/5/12/chartex" xmlns:cx7="http://schemas.microsoft.com/office/drawing/2016/5/13/chartex" xmlns:cx8="http://schemas.microsoft.com/office/drawing/2016/5/14/chartex" xmlns:mc="http://schemas.openxmlformats.org/markup-compatibility/2006" xmlns:aink="http://schemas.microsoft.com/office/drawing/2016/ink" xmlns:am3d="http://schemas.microsoft.com/office/drawing/2017/model3d" xmlns:o="urn:schemas-microsoft-com:office:office" xmlns:r="http://schemas.openxmlformats.org/officeDocument/2006/relationships" xmlns:m="http://schemas.openxmlformats.org/officeDocument/2006/math" xmlns:v="urn:schemas-microsoft-com:vml" xmlns:wp14="http://schemas.microsoft.com/office/word/2010/wordprocessingDrawing" xmlns:wp="http://schemas.openxmlformats.org/drawingml/2006/wordprocessingDrawing" xmlns:w10="urn:schemas-microsoft-com:office:word" xmlns:w="http://schemas.openxmlformats.org/wordprocessingml/2006/main" xmlns:w14="http://schemas.microsoft.com/office/word/2010/wordml" xmlns:w15="http://schemas.microsoft.com/office/word/2012/wordml" xmlns:w16cid="http://schemas.microsoft.com/office/word/2016/wordml/cid" xmlns:w16se="http://schemas.microsoft.com/office/word/2015/wordml/symex" xmlns:wpg="http://schemas.microsoft.com/office/word/2010/wordprocessingGroup" xmlns:wpi="http://schemas.microsoft.com/office/word/2010/wordprocessingInk" xmlns:wne="http://schemas.microsoft.com/office/word/2006/wordml" xmlns:wps="http://schemas.microsoft.com/office/word/2010/wordprocessingShape" mc:Ignorable="w14 w15 w16se w16cid wp14"><w:tbl><w:tblPr><w:tblpPr w:leftFromText="141" w:rightFromText="141" w:vertAnchor="text" w:horzAnchor="margin" w:tblpY="-9"/><w:tblW w:w="0" w:type="auto"/><w:tblLook w:val="04A0" w:firstRow="1" w:lastRow="0" w:firstColumn="1" w:lastColumn="0" w:noHBand="0" w:noVBand="1"/></w:tblPr><w:tblGrid><w:gridCol w:w="3259"/><w:gridCol w:w="3259"/><w:gridCol w:w="3260"/></w:tblGrid><w:tr w:rsidR="000F720E" w:rsidTr="006A43D5"><w:trPr><w:trHeight w:val="673"/></w:trPr><w:tc><w:tcPr><w:tcW w:w="3259" w:type="dxa"/><w:shd w:val="clear" w:color="auto" w:fill="auto"/></w:tcPr><w:p w:rsidR="000F720E" w:rsidRPr="00D150DA" w:rsidRDefault="000F720E" w:rsidP="006A43D5"><w:pPr><w:jc w:val="right"/><w:rPr><w:rFonts w:eastAsia="SimSun"/><w:color w:val="0070C0"/><w:sz w:val="16"/><w:szCs w:val="16"/></w:rPr></w:pPr><w:r w:rsidRPr="00D150DA"><w:rPr><w:rFonts w:eastAsia="SimSun"/><w:color w:val="0070C0"/><w:sz w:val="16"/><w:szCs w:val="16"/></w:rPr><w:t>PARIS</w:t></w:r></w:p><w:p w:rsidR="000F720E" w:rsidRPr="00D150DA" w:rsidRDefault="000F720E" w:rsidP="006A43D5"><w:pPr><w:jc w:val="right"/><w:rPr><w:rFonts w:eastAsia="SimSun"/><w:color w:val="0070C0"/><w:sz w:val="16"/><w:szCs w:val="16"/></w:rPr></w:pPr><w:r w:rsidRPr="00D150DA"><w:rPr><w:rFonts w:eastAsia="SimSun"/><w:color w:val="0070C0"/><w:sz w:val="16"/><w:szCs w:val="16"/></w:rPr><w:t>1 bis, boulevard Cotte</w:t></w:r></w:p><w:p w:rsidR="000F720E" w:rsidRPr="000C5ECD" w:rsidRDefault="000F720E" w:rsidP="006A43D5"><w:pPr><w:jc w:val="right"/><w:rPr><w:rFonts w:eastAsia="SimSun"/><w:sz w:val="16"/><w:szCs w:val="16"/></w:rPr></w:pPr><w:r w:rsidRPr="00D150DA"><w:rPr><w:rFonts w:eastAsia="SimSun"/><w:color w:val="0070C0"/><w:sz w:val="16"/><w:szCs w:val="16"/></w:rPr><w:t>95880 ENGHIEN LES BAINS</w:t></w:r></w:p></w:tc><w:tc><w:tcPr><w:tcW w:w="3259" w:type="dxa"/><w:shd w:val="clear" w:color="auto" w:fill="auto"/></w:tcPr><w:p w:rsidR="000F720E" w:rsidRPr="00D150DA" w:rsidRDefault="000F720E" w:rsidP="006A43D5"><w:pPr><w:jc w:val="right"/><w:rPr><w:rFonts w:eastAsia="SimSun"/><w:sz w:val="16"/><w:szCs w:val="16"/></w:rPr></w:pPr><w:r w:rsidRPr="00D150DA"><w:rPr><w:rFonts w:eastAsia="SimSun"/><w:sz w:val="16"/><w:szCs w:val="16"/></w:rPr><w:t>LYON</w:t></w:r></w:p><w:p w:rsidR="000F720E" w:rsidRPr="00D150DA" w:rsidRDefault="000F720E" w:rsidP="006A43D5"><w:pPr><w:jc w:val="right"/><w:rPr><w:rFonts w:eastAsia="SimSun"/><w:sz w:val="16"/><w:szCs w:val="16"/></w:rPr></w:pPr><w:r><w:rPr><w:rFonts w:eastAsia="SimSun"/><w:sz w:val="16"/><w:szCs w:val="16"/></w:rPr><w:t>6</w:t></w:r><w:r w:rsidRPr="00D150DA"><w:rPr><w:rFonts w:eastAsia="SimSun"/><w:sz w:val="16"/><w:szCs w:val="16"/></w:rPr><w:t>, rue Simone de Beauvoir</w:t></w:r></w:p><w:p w:rsidR="000F720E" w:rsidRPr="00D150DA" w:rsidRDefault="000F720E" w:rsidP="006A43D5"><w:pPr><w:jc w:val="right"/><w:rPr><w:rFonts w:eastAsia="SimSun"/><w:sz w:val="16"/><w:szCs w:val="16"/></w:rPr></w:pPr><w:r w:rsidRPr="00D150DA"><w:rPr><w:rFonts w:eastAsia="SimSun"/><w:sz w:val="16"/><w:szCs w:val="16"/></w:rPr><w:t>69007 LYON</w:t></w:r></w:p></w:tc><w:tc><w:tcPr><w:tcW w:w="3260" w:type="dxa"/><w:shd w:val="clear" w:color="auto" w:fill="auto"/></w:tcPr><w:p w:rsidR="000F720E" w:rsidRPr="00D150DA" w:rsidRDefault="000F720E" w:rsidP="006A43D5"><w:pPr><w:jc w:val="right"/><w:rPr><w:rFonts w:eastAsia="SimSun"/><w:sz w:val="16"/><w:szCs w:val="16"/></w:rPr></w:pPr><w:r w:rsidRPr="00D150DA"><w:rPr><w:rFonts w:eastAsia="SimSun"/><w:sz w:val="16"/><w:szCs w:val="16"/></w:rPr><w:t>CHALON SUR SAONE</w:t></w:r></w:p><w:p w:rsidR="000F720E" w:rsidRPr="00D150DA" w:rsidRDefault="000F720E" w:rsidP="006A43D5"><w:pPr><w:jc w:val="right"/><w:rPr><w:rFonts w:eastAsia="SimSun"/><w:sz w:val="16"/><w:szCs w:val="16"/></w:rPr></w:pPr><w:r w:rsidRPr="00D150DA"><w:rPr><w:rFonts w:eastAsia="SimSun"/><w:sz w:val="16"/><w:szCs w:val="16"/></w:rPr><w:t>14, route de Gigny</w:t></w:r></w:p><w:p w:rsidR="000F720E" w:rsidRPr="00D150DA" w:rsidRDefault="000F720E" w:rsidP="000F720E"><w:pPr><w:jc w:val="right"/><w:rPr><w:rFonts w:eastAsia="SimSun"/><w:sz w:val="16"/><w:szCs w:val="16"/></w:rPr></w:pPr><w:r w:rsidRPr="00D150DA"><w:rPr><w:rFonts w:eastAsia="SimSun"/><w:sz w:val="16"/><w:szCs w:val="16"/></w:rPr><w:t>71240 SENNECEY LE GRAND</w:t></w:r></w:p></w:tc></w:tr></w:tbl><w:p w:rsidR="000F720E" w:rsidRDefault="000F720E"><w:pPr><w:pStyle w:val="Pieddepage"/></w:pPr></w:p></w:ftr>