<?xml version="1.0" encoding="UTF-8" standalone="yes"?>
<w:styles xmlns:mc="http://schemas.openxmlformats.org/markup-compatibility/2006" xmlns:r="http://schemas.openxmlformats.org/officeDocument/2006/relationships" xmlns:w="http://schemas.openxmlformats.org/wordprocessingml/2006/main" xmlns:w14="http://schemas.microsoft.com/office/word/2010/wordml" xmlns:w15="http://schemas.microsoft.com/office/word/2012/wordml" xmlns:w16cid="http://schemas.microsoft.com/office/word/2016/wordml/cid" xmlns:w16se="http://schemas.microsoft.com/office/word/2015/wordml/symex" mc:Ignorable="w14 w15 w16se w16cid"><w:docDefaults><w:rPrDefault><w:rPr><w:rFonts w:asciiTheme="minorHAnsi" w:eastAsiaTheme="minorHAnsi" w:hAnsiTheme="minorHAnsi" w:cstheme="minorBidi"/><w:sz w:val="22"/><w:szCs w:val="22"/><w:lang w:val="fr-FR" w:eastAsia="en-US" w:bidi="ar-SA"/></w:rPr></w:rPrDefault><w:pPrDefault><w:pPr><w:spacing w:after="200" w:line="276" w:lineRule="auto"/></w:pPr></w:pPrDefault></w:docDefaults><w:latentStyles w:defLockedState="0" w:defUIPriority="99" w:defSemiHidden="0" w:defUnhideWhenUsed="0" w:defQFormat="0" w:count="375"><w:lsdException w:name="Normal" w:uiPriority="0" w:qFormat="1"/><w:lsdException w:name="heading 1" w:uiPriority="0" w:qFormat="1"/><w:lsdException w:name="heading 2" w:semiHidden="1" w:uiPriority="0" w:unhideWhenUsed="1" w:qFormat="1"/><w:lsdException w:name="heading 3" w:semiHidden="1" w:uiPriority="0" w:unhideWhenUsed="1" w:qFormat="1"/><w:lsdException w:name="heading 4" w:semiHidden="1" w:uiPriority="0" w:unhideWhenUsed="1" w:qFormat="1"/><w:lsdException w:name="heading 5" w:semiHidden="1" w:uiPriority="0" w:unhideWhenUsed="1" w:qFormat="1"/><w:lsdException w:name="heading 6" w:semiHidden="1" w:uiPriority="0" w:unhideWhenUsed="1" w:qFormat="1"/><w:lsdException w:name="heading 7" w:semiHidden="1" w:uiPriority="0" w:unhideWhenUsed="1" w:qFormat="1"/><w:lsdException w:name="heading 8" w:semiHidden="1" w:uiPriority="0" w:unhideWhenUsed="1" w:qFormat="1"/><w:lsdException w:name="heading 9" w:semiHidden="1" w:uiPriority="0" w:unhideWhenUsed="1" w:qFormat="1"/><w:lsdException w:name="index 1" w:semiHidden="1" w:unhideWhenUsed="1"/><w:lsdException w:name="index 2" w:semiHidden="1" w:unhideWhenUsed="1"/><w:lsdException w:name="index 3" w:semiHidden="1" w:unhideWhenUsed="1"/><w:lsdException w:name="index 4" w:semiHidden="1" w:unhideWhenUsed="1"/><w:lsdException w:name="index 5" w:semiHidden="1" w:unhideWhenUsed="1"/><w:lsdException w:name="index 6" w:semiHidden="1" w:unhideWhenUsed="1"/><w:lsdException w:name="index 7" w:semiHidden="1" w:unhideWhenUsed="1"/><w:lsdException w:name="index 8" w:semiHidden="1" w:unhideWhenUsed="1"/><w:lsdException w:name="index 9" w:semiHidden="1" w:unhideWhenUsed="1"/><w:lsdException w:name="toc 1" w:semiHidden="1" w:uiPriority="39" w:unhideWhenUsed="1"/><w:lsdException w:name="toc 2" w:semiHidden="1" w:uiPriority="39" w:unhideWhenUsed="1"/><w:lsdException w:name="toc 3" w:semiHidden="1" w:uiPriority="39" w:unhideWhenUsed="1"/><w:lsdException w:name="toc 4" w:semiHidden="1" w:uiPriority="39" w:unhideWhenUsed="1"/><w:lsdException w:name="toc 5" w:semiHidden="1" w:uiPriority="39" w:unhideWhenUsed="1"/><w:lsdException w:name="toc 6" w:semiHidden="1" w:uiPriority="39" w:unhideWhenUsed="1"/><w:lsdException w:name="toc 7" w:semiHidden="1" w:uiPriority="39" w:unhideWhenUsed="1"/><w:lsdException w:name="toc 8" w:semiHidden="1" w:uiPriority="39" w:unhideWhenUsed="1"/><w:lsdException w:name="toc 9" w:semiHidden="1" w:uiPriority="39" w:unhideWhenUsed="1"/><w:lsdException w:name="Normal Indent" w:semiHidden="1" w:unhideWhenUsed="1"/><w:lsdException w:name="footnote text" w:semiHidden="1" w:unhideWhenUsed="1"/><w:lsdException w:name="annotation text" w:semiHidden="1" w:unhideWhenUsed="1"/><w:lsdException w:name="header" w:semiHidden="1" w:unhideWhenUsed="1"/><w:lsdException w:name="footer" w:semiHidden="1" w:unhideWhenUsed="1"/><w:lsdException w:name="index heading" w:semiHidden="1" w:unhideWhenUsed="1"/><w:lsdException w:name="caption" w:semiHidden="1" w:uiPriority="35" w:unhideWhenUsed="1" w:qFormat="1"/><w:lsdException w:name="table of figures" w:semiHidden="1" w:unhideWhenUsed="1"/><w:lsdException w:name="envelope address" w:semiHidden="1" w:unhideWhenUsed="1"/><w:lsdException w:name="envelope return" w:semiHidden="1" w:unhideWhenUsed="1"/><w:lsdException w:name="footnote reference" w:semiHidden="1" w:unhideWhenUsed="1"/><w:lsdException w:name="annotation reference" w:semiHidden="1" w:unhideWhenUsed="1"/><w:lsdException w:name="line number" w:semiHidden="1" w:unhideWhenUsed="1"/><w:lsdException w:name="page number" w:semiHidden="1" w:unhideWhenUsed="1"/><w:lsdException w:name="endnote reference" w:semiHidden="1" w:unhideWhenUsed="1"/><w:lsdException w:name="endnote text" w:semiHidden="1" w:unhideWhenUsed="1"/><w:lsdException w:name="table of authorities" w:semiHidden="1" w:unhideWhenUsed="1"/><w:lsdException w:name="macro" w:semiHidden="1" w:unhideWhenUsed="1"/><w:lsdException w:name="toa heading" w:semiHidden="1" w:unhideWhenUsed="1"/><w:lsdException w:name="List" w:semiHidden="1" w:unhideWhenUsed="1"/><w:lsdException w:name="List Bullet" w:semiHidden="1" w:unhideWhenUsed="1"/><w:lsdException w:name="List Number" w:semiHidden="1" w:unhideWhenUsed="1"/><w:lsdException w:name="List 2" w:semiHidden="1" w:unhideWhenUsed="1"/><w:lsdException w:name="List 3" w:semiHidden="1" w:unhideWhenUsed="1"/><w:lsdException w:name="List 4" w:semiHidden="1" w:unhideWhenUsed="1"/><w:lsdException w:name="List 5" w:semiHidden="1" w:unhideWhenUsed="1"/><w:lsdException w:name="List Bullet 2" w:semiHidden="1" w:unhideWhenUsed="1"/><w:lsdException w:name="List Bullet 3" w:semiHidden="1" w:unhideWhenUsed="1"/><w:lsdException w:name="List Bullet 4" w:semiHidden="1" w:unhideWhenUsed="1"/><w:lsdException w:name="List Bullet 5" w:semiHidden="1" w:unhideWhenUsed="1"/><w:lsdException w:name="List Number 2" w:semiHidden="1" w:unhideWhenUsed="1"/><w:lsdException w:name="List Number 3" w:semiHidden="1" w:unhideWhenUsed="1"/><w:lsdException w:name="List Number 4" w:semiHidden="1" w:unhideWhenUsed="1"/><w:lsdException w:name="List Number 5" w:semiHidden="1" w:unhideWhenUsed="1"/><w:lsdException w:name="Title" w:uiPriority="10" w:qFormat="1"/><w:lsdException w:name="Closing" w:semiHidden="1" w:unhideWhenUsed="1"/><w:lsdException w:name="Signature" w:semiHidden="1" w:unhideWhenUsed="1"/><w:lsdException w:name="Default Paragraph Font" w:semiHidden="1" w:uiPriority="1" w:unhideWhenUsed="1"/><w:lsdException w:name="Body Text" w:semiHidden="1" w:unhideWhenUsed="1"/><w:lsdException w:name="Body Text Indent" w:semiHidden="1" w:unhideWhenUsed="1"/><w:lsdException w:name="List Continue" w:semiHidden="1" w:unhideWhenUsed="1"/><w:lsdException w:name="List Continue 2" w:semiHidden="1" w:unhideWhenUsed="1"/><w:lsdException w:name="List Continue 3" w:semiHidden="1" w:unhideWhenUsed="1"/><w:lsdException w:name="List Continue 4" w:semiHidden="1" w:unhideWhenUsed="1"/><w:lsdException w:name="List Continue 5" w:semiHidden="1" w:unhideWhenUsed="1"/><w:lsdException w:name="Message Header" w:semiHidden="1" w:unhideWhenUsed="1"/><w:lsdException w:name="Subtitle" w:uiPriority="11" w:qFormat="1"/><w:lsdException w:name="Salutation" w:semiHidden="1" w:unhideWhenUsed="1"/><w:lsdException w:name="Date" w:semiHidden="1" w:unhideWhenUsed="1"/><w:lsdException w:name="Body Text First Indent" w:semiHidden="1" w:unhideWhenUsed="1"/><w:lsdException w:name="Body Text First Indent 2" w:semiHidden="1" w:unhideWhenUsed="1"/><w:lsdException w:name="Note Heading" w:semiHidden="1" w:unhideWhenUsed="1"/><w:lsdException w:name="Body Text 2" w:semiHidden="1" w:unhideWhenUsed="1"/><w:lsdException w:name="Body Text 3" w:semiHidden="1" w:unhideWhenUsed="1"/><w:lsdException w:name="Body Text Indent 2" w:semiHidden="1" w:unhideWhenUsed="1"/><w:lsdException w:name="Body Text Indent 3" w:semiHidden="1" w:unhideWhenUsed="1"/><w:lsdException w:name="Block Text" w:semiHidden="1" w:unhideWhenUsed="1"/><w:lsdException w:name="Hyperlink" w:semiHidden="1" w:unhideWhenUsed="1"/><w:lsdException w:name="FollowedHyperlink" w:semiHidden="1" w:unhideWhenUsed="1"/><w:lsdException w:name="Strong" w:uiPriority="22" w:qFormat="1"/><w:lsdException w:name="Emphasis" w:uiPriority="20" w:qFormat="1"/><w:lsdException w:name="Document Map" w:semiHidden="1" w:unhideWhenUsed="1"/><w:lsdException w:name="Plain Text" w:semiHidden="1" w:unhideWhenUsed="1"/><w:lsdException w:name="E-mail Signature" w:semiHidden="1" w:unhideWhenUsed="1"/><w:lsdException w:name="HTML Top of Form" w:semiHidden="1" w:unhideWhenUsed="1"/><w:lsdException w:name="HTML Bottom of Form" w:semiHidden="1" w:unhideWhenUsed="1"/><w:lsdException w:name="Normal (Web)" w:semiHidden="1" w:unhideWhenUsed="1"/><w:lsdException w:name="HTML Acronym" w:semiHidden="1" w:unhideWhenUsed="1"/><w:lsdException w:name="HTML Address" w:semiHidden="1" w:unhideWhenUsed="1"/><w:lsdException w:name="HTML Cite" w:semiHidden="1" w:unhideWhenUsed="1"/><w:lsdException w:name="HTML Code" w:semiHidden="1" w:unhideWhenUsed="1"/><w:lsdException w:name="HTML Definition" w:semiHidden="1" w:unhideWhenUsed="1"/><w:lsdException w:name="HTML Keyboard" w:semiHidden="1" w:unhideWhenUsed="1"/><w:lsdException w:name="HTML Preformatted" w:semiHidden="1" w:unhideWhenUsed="1"/><w:lsdException w:name="HTML Sample" w:semiHidden="1" w:unhideWhenUsed="1"/><w:lsdException w:name="HTML Typewriter" w:semiHidden="1" w:unhideWhenUsed="1"/><w:lsdException w:name="HTML Variable" w:semiHidden="1" w:unhideWhenUsed="1"/><w:lsdException w:name="Normal Table" w:semiHidden="1" w:unhideWhenUsed="1"/><w:lsdException w:name="annotation subject" w:semiHidden="1" w:unhideWhenUsed="1"/><w:lsdException w:name="No List" w:semiHidden="1" w:unhideWhenUsed="1"/><w:lsdException w:name="Outline List 1" w:semiHidden="1" w:unhideWhenUsed="1"/><w:lsdException w:name="Outline List 2" w:semiHidden="1" w:unhideWhenUsed="1"/><w:lsdException w:name="Outline List 3" w:semiHidden="1" w:unhideWhenUsed="1"/><w:lsdException w:name="Table Simple 1" w:semiHidden="1" w:unhideWhenUsed="1"/><w:lsdException w:name="Table Simple 2" w:semiHidden="1" w:unhideWhenUsed="1"/><w:lsdException w:name="Table Simple 3" w:semiHidden="1" w:unhideWhenUsed="1"/><w:lsdException w:name="Table Classic 1" w:semiHidden="1" w:unhideWhenUsed="1"/><w:lsdException w:name="Table Classic 2" w:semiHidden="1" w:unhideWhenUsed="1"/><w:lsdException w:name="Table Classic 3" w:semiHidden="1" w:unhideWhenUsed="1"/><w:lsdException w:name="Table Classic 4" w:semiHidden="1" w:unhideWhenUsed="1"/><w:lsdException w:name="Table Colorful 1" w:semiHidden="1" w:unhideWhenUsed="1"/><w:lsdException w:name="Table Colorful 2" w:semiHidden="1" w:unhideWhenUsed="1"/><w:lsdException w:name="Table Colorful 3" w:semiHidden="1" w:unhideWhenUsed="1"/><w:lsdException w:name="Table Columns 1" w:semiHidden="1" w:unhideWhenUsed="1"/><w:lsdException w:name="Table Columns 2" w:semiHidden="1" w:unhideWhenUsed="1"/><w:lsdException w:name="Table Columns 3" w:semiHidden="1" w:unhideWhenUsed="1"/><w:lsdException w:name="Table Columns 4" w:semiHidden="1" w:unhideWhenUsed="1"/><w:lsdException w:name="Table Columns 5" w:semiHidden="1" w:unhideWhenUsed="1"/><w:lsdException w:name="Table Grid 1" w:semiHidden="1" w:unhideWhenUsed="1"/><w:lsdException w:name="Table Grid 2" w:semiHidden="1" w:unhideWhenUsed="1"/><w:lsdException w:name="Table Grid 3" w:semiHidden="1" w:unhideWhenUsed="1"/><w:lsdException w:name="Table Grid 4" w:semiHidden="1" w:unhideWhenUsed="1"/><w:lsdException w:name="Table Grid 5" w:semiHidden="1" w:unhideWhenUsed="1"/><w:lsdException w:name="Table Grid 6" w:semiHidden="1" w:unhideWhenUsed="1"/><w:lsdException w:name="Table Grid 7" w:semiHidden="1" w:unhideWhenUsed="1"/><w:lsdException w:name="Table Grid 8" w:semiHidden="1" w:unhideWhenUsed="1"/><w:lsdException w:name="Table List 1" w:semiHidden="1" w:unhideWhenUsed="1"/><w:lsdException w:name="Table List 2" w:semiHidden="1" w:unhideWhenUsed="1"/><w:lsdException w:name="Table List 3" w:semiHidden="1" w:unhideWhenUsed="1"/><w:lsdException w:name="Table List 4" w:semiHidden="1" w:unhideWhenUsed="1"/><w:lsdException w:name="Table List 5" w:semiHidden="1" w:unhideWhenUsed="1"/><w:lsdException w:name="Table List 6" w:semiHidden="1" w:unhideWhenUsed="1"/><w:lsdException w:name="Table List 7" w:semiHidden="1" w:unhideWhenUsed="1"/><w:lsdException w:name="Table List 8" w:semiHidden="1" w:unhideWhenUsed="1"/><w:lsdException w:name="Table 3D effects 1" w:semiHidden="1" w:unhideWhenUsed="1"/><w:lsdException w:name="Table 3D effects 2" w:semiHidden="1" w:unhideWhenUsed="1"/><w:lsdException w:name="Table 3D effects 3" w:semiHidden="1" w:unhideWhenUsed="1"/><w:lsdException w:name="Table Contemporary" w:semiHidden="1" w:unhideWhenUsed="1"/><w:lsdException w:name="Table Elegant" w:semiHidden="1" w:unhideWhenUsed="1"/><w:lsdException w:name="Table Professional" w:semiHidden="1" w:unhideWhenUsed="1"/><w:lsdException w:name="Table Subtle 1" w:semiHidden="1" w:unhideWhenUsed="1"/><w:lsdException w:name="Table Subtle 2" w:semiHidden="1" w:unhideWhenUsed="1"/><w:lsdException w:name="Table Web 1" w:semiHidden="1" w:unhideWhenUsed="1"/><w:lsdException w:name="Table Web 2" w:semiHidden="1" w:unhideWhenUsed="1"/><w:lsdException w:name="Table Web 3" w:semiHidden="1" w:unhideWhenUsed="1"/><w:lsdException w:name="Balloon Text" w:semiHidden="1" w:unhideWhenUsed="1"/><w:lsdException w:name="Table Grid" w:uiPriority="59"/><w:lsdException w:name="Table Theme" w:semiHidden="1" w:unhideWhenUsed="1"/><w:lsdException w:name="Placeholder Text" w:semiHidden="1"/><w:lsdException w:name="No Spacing" w:uiPriority="1" w:qFormat="1"/><w:lsdException w:name="Light Shading" w:uiPriority="60"/><w:lsdException w:name="Light List" w:uiPriority="61"/><w:lsdException w:name="Light Grid" w:uiPriority="62"/><w:lsdException w:name="Medium Shading 1" w:uiPriority="63"/><w:lsdException w:name="Medium Shading 2" w:uiPriority="64"/><w:lsdException w:name="Medium List 1" w:uiPriority="65"/><w:lsdException w:name="Medium List 2" w:uiPriority="66"/><w:lsdException w:name="Medium Grid 1" w:uiPriority="67"/><w:lsdException w:name="Medium Grid 2" w:uiPriority="68"/><w:lsdException w:name="Medium Grid 3" w:uiPriority="69"/><w:lsdException w:name="Dark List" w:uiPriority="70"/><w:lsdException w:name="Colorful Shading" w:uiPriority="71"/><w:lsdException w:name="Colorful List" w:uiPriority="72"/><w:lsdException w:name="Colorful Grid" w:uiPriority="73"/><w:lsdException w:name="Light Shading Accent 1" w:uiPriority="60"/><w:lsdException w:name="Light List Accent 1" w:uiPriority="61"/><w:lsdException w:name="Light Grid Accent 1" w:uiPriority="62"/><w:lsdException w:name="Medium Shading 1 Accent 1" w:uiPriority="63"/><w:lsdException w:name="Medium Shading 2 Accent 1" w:uiPriority="64"/><w:lsdException w:name="Medium List 1 Accent 1" w:uiPriority="65"/><w:lsdException w:name="Revision" w:semiHidden="1"/><w:lsdException w:name="List Paragraph" w:uiPriority="34" w:qFormat="1"/><w:lsdException w:name="Quote" w:uiPriority="29" w:qFormat="1"/><w:lsdException w:name="Intense Quote" w:uiPriority="30" w:qFormat="1"/><w:lsdException w:name="Medium List 2 Accent 1" w:uiPriority="66"/><w:lsdException w:name="Medium Grid 1 Accent 1" w:uiPriority="67"/><w:lsdException w:name="Medium Grid 2 Accent 1" w:uiPriority="68"/><w:lsdException w:name="Medium Grid 3 Accent 1" w:uiPriority="69"/><w:lsdException w:name="Dark List Accent 1" w:uiPriority="70"/><w:lsdException w:name="Colorful Shading Accent 1" w:uiPriority="71"/><w:lsdException w:name="Colorful List Accent 1" w:uiPriority="72"/><w:lsdException w:name="Colorful Grid Accent 1" w:uiPriority="73"/><w:lsdException w:name="Light Shading Accent 2" w:uiPriority="60"/><w:lsdException w:name="Light List Accent 2" w:uiPriority="61"/><w:lsdException w:name="Light Grid Accent 2" w:uiPriority="62"/><w:lsdException w:name="Medium Shading 1 Accent 2" w:uiPriority="63"/><w:lsdException w:name="Medium Shading 2 Accent 2" w:uiPriority="64"/><w:lsdException w:name="Medium List 1 Accent 2" w:uiPriority="65"/><w:lsdException w:name="Medium List 2 Accent 2" w:uiPriority="66"/><w:lsdException w:name="Medium Grid 1 Accent 2" w:uiPriority="67"/><w:lsdException w:name="Medium Grid 2 Accent 2" w:uiPriority="68"/><w:lsdException w:name="Medium Grid 3 Accent 2" w:uiPriority="69"/><w:lsdException w:name="Dark List Accent 2" w:uiPriority="70"/><w:lsdException w:name="Colorful Shading Accent 2" w:uiPriority="71"/><w:lsdException w:name="Colorful List Accent 2" w:uiPriority="72"/><w:lsdException w:name="Colorful Grid Accent 2" w:uiPriority="73"/><w:lsdException w:name="Light Shading Accent 3" w:uiPriority="60"/><w:lsdException w:name="Light List Accent 3" w:uiPriority="61"/><w:lsdException w:name="Light Grid Accent 3" w:uiPriority="62"/><w:lsdException w:name="Medium Shading 1 Accent 3" w:uiPriority="63"/><w:lsdException w:name="Medium Shading 2 Accent 3" w:uiPriority="64"/><w:lsdException w:name="Medium List 1 Accent 3" w:uiPriority="65"/><w:lsdException w:name="Medium List 2 Accent 3" w:uiPriority="66"/><w:lsdException w:name="Medium Grid 1 Accent 3" w:uiPriority="67"/><w:lsdException w:name="Medium Grid 2 Accent 3" w:uiPriority="68"/><w:lsdException w:name="Medium Grid 3 Accent 3" w:uiPriority="69"/><w:lsdException w:name="Dark List Accent 3" w:uiPriority="70"/><w:lsdException w:name="Colorful Shading Accent 3" w:uiPriority="71"/><w:lsdException w:name="Colorful List Accent 3" w:uiPriority="72"/><w:lsdException w:name="Colorful Grid Accent 3" w:uiPriority="73"/><w:lsdException w:name="Light Shading Accent 4" w:uiPriority="60"/><w:lsdException w:name="Light List Accent 4" w:uiPriority="61"/><w:lsdException w:name="Light Grid Accent 4" w:uiPriority="62"/><w:lsdException w:name="Medium Shading 1 Accent 4" w:uiPriority="63"/><w:lsdException w:name="Medium Shading 2 Accent 4" w:uiPriority="64"/><w:lsdException w:name="Medium List 1 Accent 4" w:uiPriority="65"/><w:lsdException w:name="Medium List 2 Accent 4" w:uiPriority="66"/><w:lsdException w:name="Medium Grid 1 Accent 4" w:uiPriority="67"/><w:lsdException w:name="Medium Grid 2 Accent 4" w:uiPriority="68"/><w:lsdException w:name="Medium Grid 3 Accent 4" w:uiPriority="69"/><w:lsdException w:name="Dark List Accent 4" w:uiPriority="70"/><w:lsdException w:name="Colorful Shading Accent 4" w:uiPriority="71"/><w:lsdException w:name="Colorful List Accent 4" w:uiPriority="72"/><w:lsdException w:name="Colorful Grid Accent 4" w:uiPriority="73"/><w:lsdException w:name="Light Shading Accent 5" w:uiPriority="60"/><w:lsdException w:name="Light List Accent 5" w:uiPriority="61"/><w:lsdException w:name="Light Grid Accent 5" w:uiPriority="62"/><w:lsdException w:name="Medium Shading 1 Accent 5" w:uiPriority="63"/><w:lsdException w:name="Medium Shading 2 Accent 5" w:uiPriority="64"/><w:lsdException w:name="Medium List 1 Accent 5" w:uiPriority="65"/><w:lsdException w:name="Medium List 2 Accent 5" w:uiPriority="66"/><w:lsdException w:name="Medium Grid 1 Accent 5" w:uiPriority="67"/><w:lsdException w:name="Medium Grid 2 Accent 5" w:uiPriority="68"/><w:lsdException w:name="Medium Grid 3 Accent 5" w:uiPriority="69"/><w:lsdException w:name="Dark List Accent 5" w:uiPriority="70"/><w:lsdException w:name="Colorful Shading Accent 5" w:uiPriority="71"/><w:lsdException w:name="Colorful List Accent 5" w:uiPriority="72"/><w:lsdException w:name="Colorful Grid Accent 5" w:uiPriority="73"/><w:lsdException w:name="Light Shading Accent 6" w:uiPriority="60"/><w:lsdException w:name="Light List Accent 6" w:uiPriority="61"/><w:lsdException w:name="Light Grid Accent 6" w:uiPriority="62"/><w:lsdException w:name="Medium Shading 1 Accent 6" w:uiPriority="63"/><w:lsdException w:name="Medium Shading 2 Accent 6" w:uiPriority="64"/><w:lsdException w:name="Medium List 1 Accent 6" w:uiPriority="65"/><w:lsdException w:name="Medium List 2 Accent 6" w:uiPriority="66"/><w:lsdException w:name="Medium Grid 1 Accent 6" w:uiPriority="67"/><w:lsdException w:name="Medium Grid 2 Accent 6" w:uiPriority="68"/><w:lsdException w:name="Medium Grid 3 Accent 6" w:uiPriority="69"/><w:lsdException w:name="Dark List Accent 6" w:uiPriority="70"/><w:lsdException w:name="Colorful Shading Accent 6" w:uiPriority="71"/><w:lsdException w:name="Colorful List Accent 6" w:uiPriority="72"/><w:lsdException w:name="Colorful Grid Accent 6" w:uiPriority="73"/><w:lsdException w:name="Subtle Emphasis" w:uiPriority="19" w:qFormat="1"/><w:lsdException w:name="Intense Emphasis" w:uiPriority="21" w:qFormat="1"/><w:lsdException w:name="Subtle Reference" w:uiPriority="31" w:qFormat="1"/><w:lsdException w:name="Intense Reference" w:uiPriority="32" w:qFormat="1"/><w:lsdException w:name="Book Title" w:uiPriority="33" w:qFormat="1"/><w:lsdException w:name="Bibliography" w:semiHidden="1" w:uiPriority="37" w:unhideWhenUsed="1"/><w:lsdException w:name="TOC Heading" w:semiHidden="1" w:uiPriority="39" w:unhideWhenUsed="1" w:qFormat="1"/><w:lsdException w:name="Plain Table 1" w:uiPriority="41"/><w:lsdException w:name="Plain Table 2" w:uiPriority="42"/><w:lsdException w:name="Plain Table 3" w:uiPriority="43"/><w:lsdException w:name="Plain Table 4" w:uiPriority="44"/><w:lsdException w:name="Plain Table 5" w:uiPriority="45"/><w:lsdException w:name="Grid Table Light" w:uiPriority="40"/><w:lsdException w:name="Grid Table 1 Light" w:uiPriority="46"/><w:lsdException w:name="Grid Table 2" w:uiPriority="47"/><w:lsdException w:name="Grid Table 3" w:uiPriority="48"/><w:lsdException w:name="Grid Table 4" w:uiPriority="49"/><w:lsdException w:name="Grid Table 5 Dark" w:uiPriority="50"/><w:lsdException w:name="Grid Table 6 Colorful" w:uiPriority="51"/><w:lsdException w:name="Grid Table 7 Colorful" w:uiPriority="52"/><w:lsdException w:name="Grid Table 1 Light Accent 1" w:uiPriority="46"/><w:lsdException w:name="Grid Table 2 Accent 1" w:uiPriority="47"/><w:lsdException w:name="Grid Table 3 Accent 1" w:uiPriority="48"/><w:lsdException w:name="Grid Table 4 Accent 1" w:uiPriority="49"/><w:lsdException w:name="Grid Table 5 Dark Accent 1" w:uiPriority="50"/><w:lsdException w:name="Grid Table 6 Colorful Accent 1" w:uiPriority="51"/><w:lsdException w:name="Grid Table 7 Colorful Accent 1" w:uiPriority="52"/><w:lsdException w:name="Grid Table 1 Light Accent 2" w:uiPriority="46"/><w:lsdException w:name="Grid Table 2 Accent 2" w:uiPriority="47"/><w:lsdException w:name="Grid Table 3 Accent 2" w:uiPriority="48"/><w:lsdException w:name="Grid Table 4 Accent 2" w:uiPriority="49"/><w:lsdException w:name="Grid Table 5 Dark Accent 2" w:uiPriority="50"/><w:lsdException w:name="Grid Table 6 Colorful Accent 2" w:uiPriority="51"/><w:lsdException w:name="Grid Table 7 Colorful Accent 2" w:uiPriority="52"/><w:lsdException w:name="Grid Table 1 Light Accent 3" w:uiPriority="46"/><w:lsdException w:name="Grid Table 2 Accent 3" w:uiPriority="47"/><w:lsdException w:name="Grid Table 3 Accent 3" w:uiPriority="48"/><w:lsdException w:name="Grid Table 4 Accent 3" w:uiPriority="49"/><w:lsdException w:name="Grid Table 5 Dark Accent 3" w:uiPriority="50"/><w:lsdException w:name="Grid Table 6 Colorful Accent 3" w:uiPriority="51"/><w:lsdException w:name="Grid Table 7 Colorful Accent 3" w:uiPriority="52"/><w:lsdException w:name="Grid Table 1 Light Accent 4" w:uiPriority="46"/><w:lsdException w:name="Grid Table 2 Accent 4" w:uiPriority="47"/><w:lsdException w:name="Grid Table 3 Accent 4" w:uiPriority="48"/><w:lsdException w:name="Grid Table 4 Accent 4" w:uiPriority="49"/><w:lsdException w:name="Grid Table 5 Dark Accent 4" w:uiPriority="50"/><w:lsdException w:name="Grid Table 6 Colorful Accent 4" w:uiPriority="51"/><w:lsdException w:name="Grid Table 7 Colorful Accent 4" w:uiPriority="52"/><w:lsdException w:name="Grid Table 1 Light Accent 5" w:uiPriority="46"/><w:lsdException w:name="Grid Table 2 Accent 5" w:uiPriority="47"/><w:lsdException w:name="Grid Table 3 Accent 5" w:uiPriority="48"/><w:lsdException w:name="Grid Table 4 Accent 5" w:uiPriority="49"/><w:lsdException w:name="Grid Table 5 Dark Accent 5" w:uiPriority="50"/><w:lsdException w:name="Grid Table 6 Colorful Accent 5" w:uiPriority="51"/><w:lsdException w:name="Grid Table 7 Colorful Accent 5" w:uiPriority="52"/><w:lsdException w:name="Grid Table 1 Light Accent 6" w:uiPriority="46"/><w:lsdException w:name="Grid Table 2 Accent 6" w:uiPriority="47"/><w:lsdException w:name="Grid Table 3 Accent 6" w:uiPriority="48"/><w:lsdException w:name="Grid Table 4 Accent 6" w:uiPriority="49"/><w:lsdException w:name="Grid Table 5 Dark Accent 6" w:uiPriority="50"/><w:lsdException w:name="Grid Table 6 Colorful Accent 6" w:uiPriority="51"/><w:lsdException w:name="Grid Table 7 Colorful Accent 6" w:uiPriority="52"/><w:lsdException w:name="List Table 1 Light" w:uiPriority="46"/><w:lsdException w:name="List Table 2" w:uiPriority="47"/><w:lsdException w:name="List Table 3" w:uiPriority="48"/><w:lsdException w:name="List Table 4" w:uiPriority="49"/><w:lsdException w:name="List Table 5 Dark" w:uiPriority="50"/><w:lsdException w:name="List Table 6 Colorful" w:uiPriority="51"/><w:lsdException w:name="List Table 7 Colorful" w:uiPriority="52"/><w:lsdException w:name="List Table 1 Light Accent 1" w:uiPriority="46"/><w:lsdException w:name="List Table 2 Accent 1" w:uiPriority="47"/><w:lsdException w:name="List Table 3 Accent 1" w:uiPriority="48"/><w:lsdException w:name="List Table 4 Accent 1" w:uiPriority="49"/><w:lsdException w:name="List Table 5 Dark Accent 1" w:uiPriority="50"/><w:lsdException w:name="List Table 6 Colorful Accent 1" w:uiPriority="51"/><w:lsdException w:name="List Table 7 Colorful Accent 1" w:uiPriority="52"/><w:lsdException w:name="List Table 1 Light Accent 2" w:uiPriority="46"/><w:lsdException w:name="List Table 2 Accent 2" w:uiPriority="47"/><w:lsdException w:name="List Table 3 Accent 2" w:uiPriority="48"/><w:lsdException w:name="List Table 4 Accent 2" w:uiPriority="49"/><w:lsdException w:name="List Table 5 Dark Accent 2" w:uiPriority="50"/><w:lsdException w:name="List Table 6 Colorful Accent 2" w:uiPriority="51"/><w:lsdException w:name="List Table 7 Colorful Accent 2" w:uiPriority="52"/><w:lsdException w:name="List Table 1 Light Accent 3" w:uiPriority="46"/><w:lsdException w:name="List Table 2 Accent 3" w:uiPriority="47"/><w:lsdException w:name="List Table 3 Accent 3" w:uiPriority="48"/><w:lsdException w:name="List Table 4 Accent 3" w:uiPriority="49"/><w:lsdException w:name="List Table 5 Dark Accent 3" w:uiPriority="50"/><w:lsdException w:name="List Table 6 Colorful Accent 3" w:uiPriority="51"/><w:lsdException w:name="List Table 7 Colorful Accent 3" w:uiPriority="52"/><w:lsdException w:name="List Table 1 Light Accent 4" w:uiPriority="46"/><w:lsdException w:name="List Table 2 Accent 4" w:uiPriority="47"/><w:lsdException w:name="List Table 3 Accent 4" w:uiPriority="48"/><w:lsdException w:name="List Table 4 Accent 4" w:uiPriority="49"/><w:lsdException w:name="List Table 5 Dark Accent 4" w:uiPriority="50"/><w:lsdException w:name="List Table 6 Colorful Accent 4" w:uiPriority="51"/><w:lsdException w:name="List Table 7 Colorful Accent 4" w:uiPriority="52"/><w:lsdException w:name="List Table 1 Light Accent 5" w:uiPriority="46"/><w:lsdException w:name="List Table 2 Accent 5" w:uiPriority="47"/><w:lsdException w:name="List Table 3 Accent 5" w:uiPriority="48"/><w:lsdException w:name="List Table 4 Accent 5" w:uiPriority="49"/><w:lsdException w:name="List Table 5 Dark Accent 5" w:uiPriority="50"/><w:lsdException w:name="List Table 6 Colorful Accent 5" w:uiPriority="51"/><w:lsdException w:name="List Table 7 Colorful Accent 5" w:uiPriority="52"/><w:lsdException w:name="List Table 1 Light Accent 6" w:uiPriority="46"/><w:lsdException w:name="List Table 2 Accent 6" w:uiPriority="47"/><w:lsdException w:name="List Table 3 Accent 6" w:uiPriority="48"/><w:lsdException w:name="List Table 4 Accent 6" w:uiPriority="49"/><w:lsdException w:name="List Table 5 Dark Accent 6" w:uiPriority="50"/><w:lsdException w:name="List Table 6 Colorful Accent 6" w:uiPriority="51"/><w:lsdException w:name="List Table 7 Colorful Accent 6" w:uiPriority="52"/><w:lsdException w:name="Mention" w:semiHidden="1" w:unhideWhenUsed="1"/><w:lsdException w:name="Smart Hyperlink" w:semiHidden="1" w:unhideWhenUsed="1"/><w:lsdException w:name="Hashtag" w:semiHidden="1" w:unhideWhenUsed="1"/><w:lsdException w:name="Unresolved Mention" w:semiHidden="1" w:unhideWhenUsed="1"/></w:latentStyles><w:style w:type="paragraph" w:default="1" w:styleId="Normal"><w:name w:val="Normal"/><w:qFormat/><w:rsid w:val="007636B8"/><w:pPr><w:spacing w:after="0" w:line="240" w:lineRule="auto"/></w:pPr><w:rPr><w:rFonts w:ascii="Cambria" w:hAnsi="Cambria"/></w:rPr></w:style><w:style w:type="paragraph" w:styleId="Titre1"><w:name w:val="heading 1"/><w:aliases w:val="T1"/><w:basedOn w:val="Paragraphedeliste"/><w:next w:val="Normal"/><w:link w:val="Titre1Car"/><w:qFormat/><w:rsid w:val="00855D33"/><w:pPr><w:numPr><w:numId w:val="1"/></w:numPr><w:spacing w:before="480"/><w:outlineLvl w:val="0"/></w:pPr><w:rPr><w:rFonts w:asciiTheme="majorHAnsi" w:hAnsiTheme="majorHAnsi"/><w:smallCaps/><w:color w:val="0070C0"/><w:sz w:val="36"/><w:szCs w:val="28"/></w:rPr></w:style><w:style w:type="paragraph" w:styleId="Titre2"><w:name w:val="heading 2"/><w:basedOn w:val="Paragraphedeliste"/><w:next w:val="Normal"/><w:link w:val="Titre2Car"/><w:unhideWhenUsed/><w:qFormat/><w:rsid w:val="00855D33"/><w:pPr><w:numPr><w:ilvl w:val="1"/><w:numId w:val="1"/></w:numPr><w:tabs><w:tab w:val="left" w:pos="1134"/></w:tabs><w:spacing w:before="200" w:line="271" w:lineRule="auto"/><w:contextualSpacing w:val="0"/><w:outlineLvl w:val="1"/></w:pPr><w:rPr><w:rFonts w:asciiTheme="majorHAnsi" w:hAnsiTheme="majorHAnsi"/><w:smallCaps/><w:color w:val="0070C0"/><w:sz w:val="28"/><w:szCs w:val="28"/><w:lang w:eastAsia="fr-FR"/></w:rPr></w:style><w:style w:type="paragraph" w:styleId="Titre3"><w:name w:val="heading 3"/><w:aliases w:val="T3,Titre 3 Car1,Titre 3 Car Car"/><w:basedOn w:val="Titre2"/><w:next w:val="Normal"/><w:link w:val="Titre3Car"/><w:unhideWhenUsed/><w:qFormat/><w:rsid w:val="00B373F8"/><w:pPr><w:numPr><w:ilvl w:val="2"/></w:numPr><w:tabs><w:tab w:val="clear" w:pos="1134"/><w:tab w:val="left" w:pos="1276"/></w:tabs><w:ind w:left="1418" w:hanging="698"/><w:outlineLvl w:val="2"/></w:pPr><w:rPr><w:rFonts w:ascii="Cambria" w:hAnsi="Cambria"/><w:i/><w:smallCaps w:val="0"/><w:sz w:val="26"/></w:rPr></w:style><w:style w:type="paragraph" w:styleId="Titre4"><w:name w:val="heading 4"/><w:basedOn w:val="Titre3"/><w:next w:val="Normal"/><w:link w:val="Titre4Car"/><w:unhideWhenUsed/><w:qFormat/><w:rsid w:val="00DE71F3"/><w:pPr><w:numPr><w:ilvl w:val="3"/></w:numPr><w:outlineLvl w:val="3"/></w:pPr><w:rPr><w:i w:val="0"/><w:sz w:val="24"/><w:szCs w:val="24"/></w:rPr></w:style><w:style w:type="paragraph" w:styleId="Titre5"><w:name w:val="heading 5"/><w:basedOn w:val="Titre4"/><w:next w:val="Normal"/><w:link w:val="Titre5Car"/><w:unhideWhenUsed/><w:qFormat/><w:rsid w:val="00D7507B"/><w:pPr><w:numPr><w:ilvl w:val="4"/></w:numPr><w:outlineLvl w:val="4"/></w:pPr><w:rPr><w:i/></w:rPr></w:style><w:style w:type="paragraph" w:styleId="Titre6"><w:name w:val="heading 6"/><w:basedOn w:val="Normal"/><w:next w:val="Normal"/><w:link w:val="Titre6Car"/><w:qFormat/><w:rsid w:val="003E37A6"/><w:pPr><w:tabs><w:tab w:val="num" w:pos="4320"/></w:tabs><w:spacing w:before="240" w:after="60"/><w:ind w:left="3960"/><w:outlineLvl w:val="5"/></w:pPr><w:rPr><w:rFonts w:ascii="Century" w:eastAsia="Times New Roman" w:hAnsi="Century" w:cs="Times New Roman"/><w:b/><w:bCs/><w:lang w:eastAsia="fr-FR"/></w:rPr></w:style><w:style w:type="paragraph" w:styleId="Titre7"><w:name w:val="heading 7"/><w:basedOn w:val="Normal"/><w:next w:val="Normal"/><w:link w:val="Titre7Car"/><w:qFormat/><w:rsid w:val="003E37A6"/><w:pPr><w:tabs><w:tab w:val="num" w:pos="5040"/></w:tabs><w:spacing w:before="240" w:after="60"/><w:ind w:left="4680"/><w:outlineLvl w:val="6"/></w:pPr><w:rPr><w:rFonts w:ascii="Century" w:eastAsia="Times New Roman" w:hAnsi="Century" w:cs="Times New Roman"/><w:szCs w:val="24"/><w:lang w:eastAsia="fr-FR"/></w:rPr></w:style><w:style w:type="paragraph" w:styleId="Titre8"><w:name w:val="heading 8"/><w:basedOn w:val="Normal"/><w:next w:val="Normal"/><w:link w:val="Titre8Car"/><w:qFormat/><w:rsid w:val="003E37A6"/><w:pPr><w:tabs><w:tab w:val="num" w:pos="5760"/></w:tabs><w:spacing w:before="240" w:after="60"/><w:ind w:left="5400"/><w:outlineLvl w:val="7"/></w:pPr><w:rPr><w:rFonts w:ascii="Century" w:eastAsia="Times New Roman" w:hAnsi="Century" w:cs="Times New Roman"/><w:i/><w:iCs/><w:szCs w:val="24"/><w:lang w:eastAsia="fr-FR"/></w:rPr></w:style><w:style w:type="paragraph" w:styleId="Titre9"><w:name w:val="heading 9"/><w:basedOn w:val="Normal"/><w:next w:val="Normal"/><w:link w:val="Titre9Car"/><w:qFormat/><w:rsid w:val="003E37A6"/><w:pPr><w:tabs><w:tab w:val="num" w:pos="6480"/></w:tabs><w:spacing w:before="240" w:after="60"/><w:ind w:left="6120"/><w:outlineLvl w:val="8"/></w:pPr><w:rPr><w:rFonts w:ascii="Arial" w:eastAsia="Times New Roman" w:hAnsi="Arial" w:cs="Arial"/><w:lang w:eastAsia="fr-FR"/></w:rPr></w:style><w:style w:type="character" w:default="1" w:styleId="Policepardfaut"><w:name w:val="Default Paragraph Font"/><w:uiPriority w:val="1"/><w:semiHidden/><w:unhideWhenUsed/></w:style><w:style w:type="table" w:default="1" w:styleId="TableauNormal"><w:name w:val="Normal Table"/><w:uiPriority w:val="99"/><w:semiHidden/><w:unhideWhenUsed/><w:tblPr><w:tblInd w:w="0" w:type="dxa"/><w:tblCellMar><w:top w:w="0" w:type="dxa"/><w:left w:w="108" w:type="dxa"/><w:bottom w:w="0" w:type="dxa"/><w:right w:w="108" w:type="dxa"/></w:tblCellMar></w:tblPr></w:style><w:style w:type="numbering" w:default="1" w:styleId="Aucuneliste"><w:name w:val="No List"/><w:uiPriority w:val="99"/><w:semiHidden/><w:unhideWhenUsed/></w:style><w:style w:type="paragraph" w:styleId="Paragraphedeliste"><w:name w:val="List Paragraph"/><w:basedOn w:val="Normal"/><w:link w:val="ParagraphedelisteCar"/><w:uiPriority w:val="34"/><w:qFormat/><w:rsid w:val="003E5D3C"/><w:pPr><w:ind w:left="720"/><w:contextualSpacing/></w:pPr></w:style><w:style w:type="character" w:customStyle="1" w:styleId="Titre1Car"><w:name w:val="Titre 1 Car"/><w:aliases w:val="T1 Car"/><w:basedOn w:val="Policepardfaut"/><w:link w:val="Titre1"/><w:rsid w:val="00855D33"/><w:rPr><w:rFonts w:asciiTheme="majorHAnsi" w:hAnsiTheme="majorHAnsi"/><w:smallCaps/><w:color w:val="0070C0"/><w:sz w:val="36"/><w:szCs w:val="28"/></w:rPr></w:style><w:style w:type="character" w:customStyle="1" w:styleId="Titre2Car"><w:name w:val="Titre 2 Car"/><w:basedOn w:val="Policepardfaut"/><w:link w:val="Titre2"/><w:rsid w:val="00855D33"/><w:rPr><w:rFonts w:asciiTheme="majorHAnsi" w:hAnsiTheme="majorHAnsi"/><w:smallCaps/><w:color w:val="0070C0"/><w:sz w:val="28"/><w:szCs w:val="28"/><w:lang w:eastAsia="fr-FR"/></w:rPr></w:style><w:style w:type="character" w:customStyle="1" w:styleId="Titre3Car"><w:name w:val="Titre 3 Car"/><w:aliases w:val="T3 Car,Titre 3 Car1 Car,Titre 3 Car Car Car"/><w:basedOn w:val="Policepardfaut"/><w:link w:val="Titre3"/><w:rsid w:val="00B373F8"/><w:rPr><w:rFonts w:ascii="Cambria" w:hAnsi="Cambria"/><w:i/><w:color w:val="0070C0"/><w:sz w:val="26"/><w:szCs w:val="28"/><w:lang w:eastAsia="fr-FR"/></w:rPr></w:style><w:style w:type="character" w:customStyle="1" w:styleId="Titre4Car"><w:name w:val="Titre 4 Car"/><w:basedOn w:val="Policepardfaut"/><w:link w:val="Titre4"/><w:rsid w:val="00DE71F3"/><w:rPr><w:rFonts w:ascii="Cambria" w:hAnsi="Cambria"/><w:color w:val="0070C0"/><w:sz w:val="24"/><w:szCs w:val="24"/><w:lang w:eastAsia="fr-FR"/></w:rPr></w:style><w:style w:type="character" w:customStyle="1" w:styleId="Titre5Car"><w:name w:val="Titre 5 Car"/><w:basedOn w:val="Policepardfaut"/><w:link w:val="Titre5"/><w:uiPriority w:val="9"/><w:rsid w:val="00D7507B"/><w:rPr><w:rFonts w:ascii="Cambria" w:hAnsi="Cambria"/><w:i/><w:color w:val="0070C0"/><w:sz w:val="24"/><w:szCs w:val="24"/><w:lang w:eastAsia="fr-FR"/></w:rPr></w:style><w:style w:type="paragraph" w:styleId="Listenumros2"><w:name w:val="List Number 2"/><w:basedOn w:val="Normal"/><w:uiPriority w:val="99"/><w:semiHidden/><w:rsid w:val="00251B9C"/><w:pPr><w:numPr><w:numId w:val="2"/></w:numPr><w:tabs><w:tab w:val="clear" w:pos="643"/><w:tab w:val="num" w:pos="644"/></w:tabs><w:spacing w:before="40"/><w:ind w:left="567" w:hanging="283"/></w:pPr><w:rPr><w:rFonts w:ascii="Times New Roman" w:eastAsia="Times New Roman" w:hAnsi="Times New Roman" w:cs="Times New Roman"/><w:szCs w:val="20"/><w:lang w:eastAsia="fr-FR"/></w:rPr></w:style><w:style w:type="character" w:customStyle="1" w:styleId="ParagraphedelisteCar"><w:name w:val="Paragraphe de liste Car"/><w:basedOn w:val="Policepardfaut"/><w:link w:val="Paragraphedeliste"/><w:uiPriority w:val="34"/><w:rsid w:val="00251B9C"/></w:style><w:style w:type="table" w:customStyle="1" w:styleId="Grilledutableau8"><w:name w:val="Grille du tableau8"/><w:basedOn w:val="TableauNormal"/><w:next w:val="Grilledutableau"/><w:uiPriority w:val="59"/><w:rsid w:val="00251B9C"/><w:pPr><w:spacing w:after="0" w:line="240" w:lineRule="auto"/></w:pPr><w:rPr><w:rFonts w:ascii="Times New Roman" w:eastAsia="Times New Roman" w:hAnsi="Times New Roman" w:cs="Times New Roman"/><w:sz w:val="20"/><w:szCs w:val="20"/><w:lang w:eastAsia="fr-FR"/></w:rPr><w:tblPr><w:tblBorders><w:top w:val="single" w:sz="4" w:space="0" w:color="auto"/><w:left w:val="single" w:sz="4" w:space="0" w:color="auto"/><w:bottom w:val="single" w:sz="4" w:space="0" w:color="auto"/><w:right w:val="single" w:sz="4" w:space="0" w:color="auto"/><w:insideH w:val="single" w:sz="4" w:space="0" w:color="auto"/><w:insideV w:val="single" w:sz="4" w:space="0" w:color="auto"/></w:tblBorders></w:tblPr></w:style><w:style w:type="table" w:styleId="Grilledutableau"><w:name w:val="Table Grid"/><w:basedOn w:val="TableauNormal"/><w:uiPriority w:val="59"/><w:rsid w:val="00251B9C"/><w:pPr><w:spacing w:after="0" w:line="240" w:lineRule="auto"/></w:pPr><w:tblPr><w:tblBorders><w:top w:val="single" w:sz="4" w:space="0" w:color="auto"/><w:left w:val="single" w:sz="4" w:space="0" w:color="auto"/><w:bottom w:val="single" w:sz="4" w:space="0" w:color="auto"/><w:right w:val="single" w:sz="4" w:space="0" w:color="auto"/><w:insideH w:val="single" w:sz="4" w:space="0" w:color="auto"/><w:insideV w:val="single" w:sz="4" w:space="0" w:color="auto"/></w:tblBorders></w:tblPr></w:style><w:style w:type="paragraph" w:styleId="Textedebulles"><w:name w:val="Balloon Text"/><w:basedOn w:val="Normal"/><w:link w:val="TextedebullesCar"/><w:uiPriority w:val="99"/><w:semiHidden/><w:unhideWhenUsed/><w:rsid w:val="00251B9C"/><w:rPr><w:rFonts w:ascii="Tahoma" w:hAnsi="Tahoma" w:cs="Tahoma"/><w:sz w:val="16"/><w:szCs w:val="16"/></w:rPr></w:style><w:style w:type="character" w:customStyle="1" w:styleId="TextedebullesCar"><w:name w:val="Texte de bulles Car"/><w:basedOn w:val="Policepardfaut"/><w:link w:val="Textedebulles"/><w:uiPriority w:val="99"/><w:semiHidden/><w:rsid w:val="00251B9C"/><w:rPr><w:rFonts w:ascii="Tahoma" w:hAnsi="Tahoma" w:cs="Tahoma"/><w:sz w:val="16"/><w:szCs w:val="16"/></w:rPr></w:style><w:style w:type="paragraph" w:styleId="En-tte"><w:name w:val="header"/><w:basedOn w:val="Normal"/><w:link w:val="En-tteCar"/><w:uiPriority w:val="99"/><w:unhideWhenUsed/><w:rsid w:val="008171E2"/><w:pPr><w:tabs><w:tab w:val="center" w:pos="4536"/><w:tab w:val="right" w:pos="9072"/></w:tabs></w:pPr></w:style><w:style w:type="character" w:customStyle="1" w:styleId="En-tteCar"><w:name w:val="En-tête Car"/><w:basedOn w:val="Policepardfaut"/><w:link w:val="En-tte"/><w:uiPriority w:val="99"/><w:rsid w:val="008171E2"/><w:rPr><w:rFonts w:ascii="Cambria" w:hAnsi="Cambria"/></w:rPr></w:style><w:style w:type="paragraph" w:styleId="Pieddepage"><w:name w:val="footer"/><w:basedOn w:val="Normal"/><w:link w:val="PieddepageCar"/><w:uiPriority w:val="99"/><w:unhideWhenUsed/><w:rsid w:val="008171E2"/><w:pPr><w:tabs><w:tab w:val="center" w:pos="4536"/><w:tab w:val="right" w:pos="9072"/></w:tabs></w:pPr></w:style><w:style w:type="character" w:customStyle="1" w:styleId="PieddepageCar"><w:name w:val="Pied de page Car"/><w:basedOn w:val="Policepardfaut"/><w:link w:val="Pieddepage"/><w:uiPriority w:val="99"/><w:rsid w:val="008171E2"/><w:rPr><w:rFonts w:ascii="Cambria" w:hAnsi="Cambria"/></w:rPr></w:style><w:style w:type="paragraph" w:styleId="TM1"><w:name w:val="toc 1"/><w:basedOn w:val="Normal"/><w:next w:val="Normal"/><w:autoRedefine/><w:uiPriority w:val="39"/><w:unhideWhenUsed/><w:rsid w:val="00520C93"/><w:pPr><w:tabs><w:tab w:val="left" w:pos="440"/><w:tab w:val="right" w:leader="dot" w:pos="9968"/></w:tabs><w:spacing w:before="120" w:after="120"/><w:jc w:val="right"/></w:pPr><w:rPr><w:bCs/><w:smallCaps/><w:color w:val="0070C0"/><w:sz w:val="32"/><w:szCs w:val="20"/></w:rPr></w:style><w:style w:type="paragraph" w:styleId="TM2"><w:name w:val="toc 2"/><w:basedOn w:val="Normal"/><w:next w:val="Normal"/><w:autoRedefine/><w:uiPriority w:val="39"/><w:unhideWhenUsed/><w:rsid w:val="005A158B"/><w:pPr><w:ind w:left="220"/></w:pPr><w:rPr><w:rFonts w:asciiTheme="minorHAnsi" w:hAnsiTheme="minorHAnsi"/><w:smallCaps/><w:sz w:val="20"/><w:szCs w:val="20"/></w:rPr></w:style><w:style w:type="paragraph" w:styleId="TM3"><w:name w:val="toc 3"/><w:basedOn w:val="Normal"/><w:next w:val="Normal"/><w:autoRedefine/><w:uiPriority w:val="39"/><w:unhideWhenUsed/><w:rsid w:val="00F73412"/><w:pPr><w:tabs><w:tab w:val="left" w:pos="1100"/><w:tab w:val="right" w:leader="dot" w:pos="9968"/></w:tabs><w:ind w:left="440"/><w:jc w:val="center"/></w:pPr><w:rPr><w:rFonts w:asciiTheme="minorHAnsi" w:hAnsiTheme="minorHAnsi"/><w:i/><w:iCs/><w:sz w:val="20"/><w:szCs w:val="20"/></w:rPr></w:style><w:style w:type="paragraph" w:styleId="TM4"><w:name w:val="toc 4"/><w:basedOn w:val="Normal"/><w:next w:val="Normal"/><w:autoRedefine/><w:uiPriority w:val="39"/><w:unhideWhenUsed/><w:rsid w:val="005A158B"/><w:pPr><w:ind w:left="660"/></w:pPr><w:rPr><w:rFonts w:asciiTheme="minorHAnsi" w:hAnsiTheme="minorHAnsi"/><w:sz w:val="18"/><w:szCs w:val="18"/></w:rPr></w:style><w:style w:type="paragraph" w:styleId="TM5"><w:name w:val="toc 5"/><w:basedOn w:val="Normal"/><w:next w:val="Normal"/><w:autoRedefine/><w:uiPriority w:val="39"/><w:unhideWhenUsed/><w:rsid w:val="005A158B"/><w:pPr><w:ind w:left="880"/></w:pPr><w:rPr><w:rFonts w:asciiTheme="minorHAnsi" w:hAnsiTheme="minorHAnsi"/><w:sz w:val="18"/><w:szCs w:val="18"/></w:rPr></w:style><w:style w:type="paragraph" w:styleId="TM6"><w:name w:val="toc 6"/><w:basedOn w:val="Normal"/><w:next w:val="Normal"/><w:autoRedefine/><w:uiPriority w:val="39"/><w:unhideWhenUsed/><w:rsid w:val="005A158B"/><w:pPr><w:ind w:left="1100"/></w:pPr><w:rPr><w:rFonts w:asciiTheme="minorHAnsi" w:hAnsiTheme="minorHAnsi"/><w:sz w:val="18"/><w:szCs w:val="18"/></w:rPr></w:style><w:style w:type="paragraph" w:styleId="TM7"><w:name w:val="toc 7"/><w:basedOn w:val="Normal"/><w:next w:val="Normal"/><w:autoRedefine/><w:uiPriority w:val="39"/><w:unhideWhenUsed/><w:rsid w:val="005A158B"/><w:pPr><w:ind w:left="1320"/></w:pPr><w:rPr><w:rFonts w:asciiTheme="minorHAnsi" w:hAnsiTheme="minorHAnsi"/><w:sz w:val="18"/><w:szCs w:val="18"/></w:rPr></w:style><w:style w:type="paragraph" w:styleId="TM8"><w:name w:val="toc 8"/><w:basedOn w:val="Normal"/><w:next w:val="Normal"/><w:autoRedefine/><w:uiPriority w:val="39"/><w:unhideWhenUsed/><w:rsid w:val="005A158B"/><w:pPr><w:ind w:left="1540"/></w:pPr><w:rPr><w:rFonts w:asciiTheme="minorHAnsi" w:hAnsiTheme="minorHAnsi"/><w:sz w:val="18"/><w:szCs w:val="18"/></w:rPr></w:style><w:style w:type="paragraph" w:styleId="TM9"><w:name w:val="toc 9"/><w:basedOn w:val="Normal"/><w:next w:val="Normal"/><w:autoRedefine/><w:uiPriority w:val="39"/><w:unhideWhenUsed/><w:rsid w:val="005A158B"/><w:pPr><w:ind w:left="1760"/></w:pPr><w:rPr><w:rFonts w:asciiTheme="minorHAnsi" w:hAnsiTheme="minorHAnsi"/><w:sz w:val="18"/><w:szCs w:val="18"/></w:rPr></w:style><w:style w:type="character" w:styleId="Lienhypertexte"><w:name w:val="Hyperlink"/><w:basedOn w:val="Policepardfaut"/><w:uiPriority w:val="99"/><w:unhideWhenUsed/><w:rsid w:val="005A158B"/><w:rPr><w:color w:val="0000FF" w:themeColor="hyperlink"/><w:u w:val="single"/></w:rPr></w:style><w:style w:type="table" w:customStyle="1" w:styleId="Grilledutableau9"><w:name w:val="Grille du tableau9"/><w:basedOn w:val="TableauNormal"/><w:next w:val="Grilledutableau"/><w:uiPriority w:val="59"/><w:rsid w:val="00114C55"/><w:pPr><w:spacing w:after="0" w:line="240" w:lineRule="auto"/></w:pPr><w:rPr><w:rFonts w:ascii="Times New Roman" w:eastAsia="Times New Roman" w:hAnsi="Times New Roman" w:cs="Times New Roman"/><w:sz w:val="20"/><w:szCs w:val="20"/><w:lang w:eastAsia="fr-FR"/></w:rPr><w:tblPr><w:tblBorders><w:top w:val="single" w:sz="4" w:space="0" w:color="auto"/><w:left w:val="single" w:sz="4" w:space="0" w:color="auto"/><w:bottom w:val="single" w:sz="4" w:space="0" w:color="auto"/><w:right w:val="single" w:sz="4" w:space="0" w:color="auto"/><w:insideH w:val="single" w:sz="4" w:space="0" w:color="auto"/><w:insideV w:val="single" w:sz="4" w:space="0" w:color="auto"/></w:tblBorders></w:tblPr></w:style><w:style w:type="table" w:customStyle="1" w:styleId="Grilledutableau92"><w:name w:val="Grille du tableau92"/><w:basedOn w:val="TableauNormal"/><w:next w:val="Grilledutableau"/><w:uiPriority w:val="59"/><w:rsid w:val="00114C55"/><w:pPr><w:spacing w:after="0" w:line="240" w:lineRule="auto"/></w:pPr><w:rPr><w:rFonts w:ascii="Times New Roman" w:eastAsia="Times New Roman" w:hAnsi="Times New Roman" w:cs="Times New Roman"/><w:sz w:val="20"/><w:szCs w:val="20"/><w:lang w:eastAsia="fr-FR"/></w:rPr><w:tblPr><w:tblBorders><w:top w:val="single" w:sz="4" w:space="0" w:color="auto"/><w:left w:val="single" w:sz="4" w:space="0" w:color="auto"/><w:bottom w:val="single" w:sz="4" w:space="0" w:color="auto"/><w:right w:val="single" w:sz="4" w:space="0" w:color="auto"/><w:insideH w:val="single" w:sz="4" w:space="0" w:color="auto"/><w:insideV w:val="single" w:sz="4" w:space="0" w:color="auto"/></w:tblBorders></w:tblPr></w:style><w:style w:type="character" w:customStyle="1" w:styleId="Titre6Car"><w:name w:val="Titre 6 Car"/><w:basedOn w:val="Policepardfaut"/><w:link w:val="Titre6"/><w:rsid w:val="003E37A6"/><w:rPr><w:rFonts w:ascii="Century" w:eastAsia="Times New Roman" w:hAnsi="Century" w:cs="Times New Roman"/><w:b/><w:bCs/><w:lang w:eastAsia="fr-FR"/></w:rPr></w:style><w:style w:type="character" w:customStyle="1" w:styleId="Titre7Car"><w:name w:val="Titre 7 Car"/><w:basedOn w:val="Policepardfaut"/><w:link w:val="Titre7"/><w:rsid w:val="003E37A6"/><w:rPr><w:rFonts w:ascii="Century" w:eastAsia="Times New Roman" w:hAnsi="Century" w:cs="Times New Roman"/><w:szCs w:val="24"/><w:lang w:eastAsia="fr-FR"/></w:rPr></w:style><w:style w:type="character" w:customStyle="1" w:styleId="Titre8Car"><w:name w:val="Titre 8 Car"/><w:basedOn w:val="Policepardfaut"/><w:link w:val="Titre8"/><w:rsid w:val="003E37A6"/><w:rPr><w:rFonts w:ascii="Century" w:eastAsia="Times New Roman" w:hAnsi="Century" w:cs="Times New Roman"/><w:i/><w:iCs/><w:szCs w:val="24"/><w:lang w:eastAsia="fr-FR"/></w:rPr></w:style><w:style w:type="character" w:customStyle="1" w:styleId="Titre9Car"><w:name w:val="Titre 9 Car"/><w:basedOn w:val="Policepardfaut"/><w:link w:val="Titre9"/><w:rsid w:val="003E37A6"/><w:rPr><w:rFonts w:ascii="Arial" w:eastAsia="Times New Roman" w:hAnsi="Arial" w:cs="Arial"/><w:lang w:eastAsia="fr-FR"/></w:rPr></w:style><w:style w:type="table" w:customStyle="1" w:styleId="Grilledutableau2"><w:name w:val="Grille du tableau2"/><w:basedOn w:val="TableauNormal"/><w:next w:val="Grilledutableau"/><w:uiPriority w:val="59"/><w:rsid w:val="00C03DB5"/><w:pPr><w:spacing w:after="0" w:line="240" w:lineRule="auto"/></w:pPr><w:rPr><w:rFonts w:ascii="Times New Roman" w:eastAsia="Times New Roman" w:hAnsi="Times New Roman" w:cs="Times New Roman"/><w:sz w:val="20"/><w:szCs w:val="20"/><w:lang w:eastAsia="fr-FR"/></w:rPr><w:tblPr><w:tblBorders><w:top w:val="single" w:sz="4" w:space="0" w:color="auto"/><w:left w:val="single" w:sz="4" w:space="0" w:color="auto"/><w:bottom w:val="single" w:sz="4" w:space="0" w:color="auto"/><w:right w:val="single" w:sz="4" w:space="0" w:color="auto"/><w:insideH w:val="single" w:sz="4" w:space="0" w:color="auto"/><w:insideV w:val="single" w:sz="4" w:space="0" w:color="auto"/></w:tblBorders></w:tblPr></w:style><w:style w:type="numbering" w:customStyle="1" w:styleId="CCTPBRP"><w:name w:val="CCTP_BRP"/><w:uiPriority w:val="99"/><w:rsid w:val="00345B22"/><w:pPr><w:numPr><w:numId w:val="3"/></w:numPr></w:pPr></w:style><w:style w:type="paragraph" w:styleId="Retraitcorpsdetexte"><w:name w:val="Body Text Indent"/><w:basedOn w:val="Normal"/><w:link w:val="RetraitcorpsdetexteCar"/><w:uiPriority w:val="99"/><w:unhideWhenUsed/><w:rsid w:val="00F8171E"/><w:pPr><w:spacing w:after="120"/><w:ind w:left="283"/></w:pPr><w:rPr><w:rFonts w:ascii="Century" w:eastAsia="Times New Roman" w:hAnsi="Century" w:cs="Times New Roman"/><w:szCs w:val="24"/><w:lang w:eastAsia="fr-FR"/></w:rPr></w:style><w:style w:type="character" w:customStyle="1" w:styleId="RetraitcorpsdetexteCar"><w:name w:val="Retrait corps de texte Car"/><w:basedOn w:val="Policepardfaut"/><w:link w:val="Retraitcorpsdetexte"/><w:uiPriority w:val="99"/><w:rsid w:val="00F8171E"/><w:rPr><w:rFonts w:ascii="Century" w:eastAsia="Times New Roman" w:hAnsi="Century" w:cs="Times New Roman"/><w:szCs w:val="24"/><w:lang w:eastAsia="fr-FR"/></w:rPr></w:style><w:style w:type="table" w:customStyle="1" w:styleId="Grilledutableau1"><w:name w:val="Grille du tableau1"/><w:basedOn w:val="TableauNormal"/><w:next w:val="Grilledutableau"/><w:uiPriority w:val="59"/><w:rsid w:val="00732B8F"/><w:pPr><w:spacing w:after="0" w:line="240" w:lineRule="auto"/></w:pPr><w:tblPr><w:tblBorders><w:top w:val="single" w:sz="4" w:space="0" w:color="auto"/><w:left w:val="single" w:sz="4" w:space="0" w:color="auto"/><w:bottom w:val="single" w:sz="4" w:space="0" w:color="auto"/><w:right w:val="single" w:sz="4" w:space="0" w:color="auto"/><w:insideH w:val="single" w:sz="4" w:space="0" w:color="auto"/><w:insideV w:val="single" w:sz="4" w:space="0" w:color="auto"/></w:tblBorders></w:tblPr></w:style><w:style w:type="table" w:customStyle="1" w:styleId="Grilledutableau3"><w:name w:val="Grille du tableau3"/><w:basedOn w:val="TableauNormal"/><w:next w:val="Grilledutableau"/><w:uiPriority w:val="59"/><w:rsid w:val="00CF2E11"/><w:pPr><w:spacing w:after="0" w:line="240" w:lineRule="auto"/></w:pPr><w:tblPr><w:tblBorders><w:top w:val="single" w:sz="4" w:space="0" w:color="auto"/><w:left w:val="single" w:sz="4" w:space="0" w:color="auto"/><w:bottom w:val="single" w:sz="4" w:space="0" w:color="auto"/><w:right w:val="single" w:sz="4" w:space="0" w:color="auto"/><w:insideH w:val="single" w:sz="4" w:space="0" w:color="auto"/><w:insideV w:val="single" w:sz="4" w:space="0" w:color="auto"/></w:tblBorders></w:tblPr></w:style><w:style w:type="paragraph" w:customStyle="1" w:styleId="Default"><w:name w:val="Default"/><w:rsid w:val="00B76740"/><w:pPr><w:autoSpaceDE w:val="0"/><w:autoSpaceDN w:val="0"/><w:adjustRightInd w:val="0"/><w:spacing w:after="0" w:line="240" w:lineRule="auto"/></w:pPr><w:rPr><w:rFonts w:ascii="Cambria" w:hAnsi="Cambria" w:cs="Cambria"/><w:color w:val="000000"/><w:sz w:val="24"/><w:szCs w:val="24"/></w:rPr></w:style><w:style w:type="paragraph" w:styleId="Liste2"><w:name w:val="List 2"/><w:basedOn w:val="Normal"/><w:uiPriority w:val="99"/><w:unhideWhenUsed/><w:rsid w:val="006E5EE6"/><w:pPr><w:ind w:left="566" w:hanging="283"/><w:contextualSpacing/></w:pPr></w:style><w:style w:type="paragraph" w:styleId="Liste3"><w:name w:val="List 3"/><w:basedOn w:val="Normal"/><w:uiPriority w:val="99"/><w:unhideWhenUsed/><w:rsid w:val="006E5EE6"/><w:pPr><w:ind w:left="849" w:hanging="283"/><w:contextualSpacing/></w:pPr></w:style><w:style w:type="paragraph" w:styleId="Listepuces"><w:name w:val="List Bullet"/><w:basedOn w:val="Normal"/><w:uiPriority w:val="99"/><w:unhideWhenUsed/><w:rsid w:val="006E5EE6"/><w:pPr><w:numPr><w:numId w:val="6"/></w:numPr><w:contextualSpacing/></w:pPr></w:style><w:style w:type="paragraph" w:styleId="Listepuces2"><w:name w:val="List Bullet 2"/><w:basedOn w:val="Normal"/><w:uiPriority w:val="99"/><w:unhideWhenUsed/><w:rsid w:val="006E5EE6"/><w:pPr><w:numPr><w:numId w:val="7"/></w:numPr><w:contextualSpacing/></w:pPr></w:style><w:style w:type="paragraph" w:styleId="Listepuces3"><w:name w:val="List Bullet 3"/><w:basedOn w:val="Normal"/><w:uiPriority w:val="99"/><w:unhideWhenUsed/><w:rsid w:val="006E5EE6"/><w:pPr><w:numPr><w:numId w:val="8"/></w:numPr><w:contextualSpacing/></w:pPr></w:style><w:style w:type="paragraph" w:styleId="Listecontinue2"><w:name w:val="List Continue 2"/><w:basedOn w:val="Normal"/><w:uiPriority w:val="99"/><w:unhideWhenUsed/><w:rsid w:val="006E5EE6"/><w:pPr><w:spacing w:after="120"/><w:ind w:left="566"/><w:contextualSpacing/></w:pPr></w:style><w:style w:type="paragraph" w:styleId="Corpsdetexte"><w:name w:val="Body Text"/><w:basedOn w:val="Normal"/><w:link w:val="CorpsdetexteCar"/><w:uiPriority w:val="99"/><w:unhideWhenUsed/><w:rsid w:val="006E5EE6"/><w:pPr><w:spacing w:after="120"/></w:pPr></w:style><w:style w:type="character" w:customStyle="1" w:styleId="CorpsdetexteCar"><w:name w:val="Corps de texte Car"/><w:basedOn w:val="Policepardfaut"/><w:link w:val="Corpsdetexte"/><w:uiPriority w:val="99"/><w:rsid w:val="006E5EE6"/><w:rPr><w:rFonts w:ascii="Cambria" w:hAnsi="Cambria"/></w:rPr></w:style><w:style w:type="paragraph" w:styleId="Retraitcorpset1relig"><w:name w:val="Body Text First Indent 2"/><w:basedOn w:val="Retraitcorpsdetexte"/><w:link w:val="Retraitcorpset1religCar"/><w:uiPriority w:val="99"/><w:unhideWhenUsed/><w:rsid w:val="006E5EE6"/><w:pPr><w:spacing w:after="0"/><w:ind w:left="360" w:firstLine="360"/></w:pPr><w:rPr><w:rFonts w:ascii="Cambria" w:eastAsiaTheme="minorHAnsi" w:hAnsi="Cambria" w:cstheme="minorBidi"/><w:szCs w:val="22"/><w:lang w:eastAsia="en-US"/></w:rPr></w:style><w:style w:type="character" w:customStyle="1" w:styleId="Retraitcorpset1religCar"><w:name w:val="Retrait corps et 1re lig. Car"/><w:basedOn w:val="RetraitcorpsdetexteCar"/><w:link w:val="Retraitcorpset1relig"/><w:uiPriority w:val="99"/><w:rsid w:val="006E5EE6"/><w:rPr><w:rFonts w:ascii="Cambria" w:eastAsia="Times New Roman" w:hAnsi="Cambria" w:cs="Times New Roman"/><w:szCs w:val="24"/><w:lang w:eastAsia="fr-FR"/></w:rPr></w:style><w:style w:type="table" w:customStyle="1" w:styleId="Grilledutableau4"><w:name w:val="Grille du tableau4"/><w:basedOn w:val="TableauNormal"/><w:next w:val="Grilledutableau"/><w:uiPriority w:val="59"/><w:rsid w:val="009214B9"/><w:pPr><w:spacing w:after="0" w:line="240" w:lineRule="auto"/></w:pPr><w:rPr><w:rFonts w:ascii="Times New Roman" w:eastAsia="Times New Roman" w:hAnsi="Times New Roman" w:cs="Times New Roman"/><w:sz w:val="20"/><w:szCs w:val="20"/><w:lang w:eastAsia="fr-FR"/></w:rPr><w:tblPr><w:tblBorders><w:top w:val="single" w:sz="4" w:space="0" w:color="auto"/><w:left w:val="single" w:sz="4" w:space="0" w:color="auto"/><w:bottom w:val="single" w:sz="4" w:space="0" w:color="auto"/><w:right w:val="single" w:sz="4" w:space="0" w:color="auto"/><w:insideH w:val="single" w:sz="4" w:space="0" w:color="auto"/><w:insideV w:val="single" w:sz="4" w:space="0" w:color="auto"/></w:tblBorders></w:tblPr></w:style><w:style w:type="paragraph" w:styleId="NormalWeb"><w:name w:val="Normal (Web)"/><w:basedOn w:val="Normal"/><w:uiPriority w:val="99"/><w:semiHidden/><w:unhideWhenUsed/><w:rsid w:val="00DF7BFF"/><w:pPr><w:spacing w:before="100" w:beforeAutospacing="1" w:after="100" w:afterAutospacing="1"/></w:pPr><w:rPr><w:rFonts w:ascii="Times New Roman" w:eastAsia="Times New Roman" w:hAnsi="Times New Roman" w:cs="Times New Roman"/><w:sz w:val="24"/><w:szCs w:val="24"/><w:lang w:eastAsia="fr-FR"/></w:rPr></w:style><w:style w:type="character" w:styleId="Marquedecommentaire"><w:name w:val="annotation reference"/><w:basedOn w:val="Policepardfaut"/><w:uiPriority w:val="99"/><w:semiHidden/><w:unhideWhenUsed/><w:rsid w:val="000D4AB5"/><w:rPr><w:sz w:val="16"/><w:szCs w:val="16"/></w:rPr></w:style><w:style w:type="paragraph" w:styleId="Commentaire"><w:name w:val="annotation text"/><w:basedOn w:val="Normal"/><w:link w:val="CommentaireCar"/><w:uiPriority w:val="99"/><w:semiHidden/><w:unhideWhenUsed/><w:rsid w:val="000D4AB5"/><w:rPr><w:sz w:val="20"/><w:szCs w:val="20"/></w:rPr></w:style><w:style w:type="character" w:customStyle="1" w:styleId="CommentaireCar"><w:name w:val="Commentaire Car"/><w:basedOn w:val="Policepardfaut"/><w:link w:val="Commentaire"/><w:uiPriority w:val="99"/><w:semiHidden/><w:rsid w:val="000D4AB5"/><w:rPr><w:rFonts w:ascii="Cambria" w:hAnsi="Cambria"/><w:sz w:val="20"/><w:szCs w:val="20"/></w:rPr></w:style><w:style w:type="paragraph" w:styleId="Objetducommentaire"><w:name w:val="annotation subject"/><w:basedOn w:val="Commentaire"/><w:next w:val="Commentaire"/><w:link w:val="ObjetducommentaireCar"/><w:uiPriority w:val="99"/><w:semiHidden/><w:unhideWhenUsed/><w:rsid w:val="000D4AB5"/><w:rPr><w:b/><w:bCs/></w:rPr></w:style><w:style w:type="character" w:customStyle="1" w:styleId="ObjetducommentaireCar"><w:name w:val="Objet du commentaire Car"/><w:basedOn w:val="CommentaireCar"/><w:link w:val="Objetducommentaire"/><w:uiPriority w:val="99"/><w:semiHidden/><w:rsid w:val="000D4AB5"/><w:rPr><w:rFonts w:ascii="Cambria" w:hAnsi="Cambria"/><w:b/><w:bCs/><w:sz w:val="20"/><w:szCs w:val="20"/></w:rPr></w:style><w:style w:type="paragraph" w:styleId="Rvision"><w:name w:val="Revision"/><w:hidden/><w:uiPriority w:val="99"/><w:semiHidden/><w:rsid w:val="000D4AB5"/><w:pPr><w:spacing w:after="0" w:line="240" w:lineRule="auto"/></w:pPr><w:rPr><w:rFonts w:ascii="Cambria" w:hAnsi="Cambria"/></w:rPr></w:style><w:style w:type="table" w:customStyle="1" w:styleId="Grilledutableau5"><w:name w:val="Grille du tableau5"/><w:basedOn w:val="TableauNormal"/><w:next w:val="Grilledutableau"/><w:uiPriority w:val="59"/><w:rsid w:val="00D14E07"/><w:pPr><w:spacing w:after="0" w:line="240" w:lineRule="auto"/></w:pPr><w:rPr><w:rFonts w:ascii="Times New Roman" w:eastAsia="Times New Roman" w:hAnsi="Times New Roman" w:cs="Times New Roman"/><w:sz w:val="20"/><w:szCs w:val="20"/><w:lang w:eastAsia="fr-FR"/></w:rPr><w:tblPr><w:tblBorders><w:top w:val="single" w:sz="4" w:space="0" w:color="auto"/><w:left w:val="single" w:sz="4" w:space="0" w:color="auto"/><w:bottom w:val="single" w:sz="4" w:space="0" w:color="auto"/><w:right w:val="single" w:sz="4" w:space="0" w:color="auto"/><w:insideH w:val="single" w:sz="4" w:space="0" w:color="auto"/><w:insideV w:val="single" w:sz="4" w:space="0" w:color="auto"/></w:tblBorders></w:tblPr></w:style></w:styles>